g__Acidaminococcus,g__Akkermansia,g__Alistipes,g__Anaerostipes,g__Anaerotruncus,g__Bacteroides,g__Bifidobacterium,g__Blautia,g__Butyricicoccus,g__Butyricimonas,g__Catenibacterium,g__cc_115,g__Cloacibacillus,g__Clostridium,g__Collinsella,g__Coprococcus,g__Defluviitalea,g__Dialister,g__Dorea,g__Eggerthella,g__Enterococcus,g__Escherichia,g__Eubacterium,g__Faecalibacterium,g__Fusobacterium,g__Lachnobacterium,g__Lachnospira,g__Lactobacillus,g__Megasphaera,g__Mogibacterium,g__Odoribacter,g__Oscillospira,g__Parabacteroides,g__Paraprevotella,g__Phascolarctobacterium,g__Prevotella,g__Roseburia,g__Ruminococcus,g__Streptococcus,g__Succinivibrio,g__Sutterella,g__Turicibacter,g__un_f__Barnesiellaceae,g__un_f__Christensenellaceae,g__un_f__Coriobacteriaceae,g__un_f__Erysipelotrichaceae,g__un_f__Lachnospiraceae,g__un_f__Mogibacteriaceae,g__un_f__Prevotellaceae,g__un_f__Rikenellaceae,g__un_f__Ruminococcaceae,g__un_f__S24-7,g__un_f__Victivallaceae,g__un_o__Bacteroidales,g__un_o__Clostridiales,g__un_o__ML615J-28,g__un_o__RF32,g__un_o__RF39,g__un_o__Streptophyta,g__un_o__YS2,g__un_p__Bacteroidetes,Group
1.79688061525192e-05,0.00637892618414433,0.000161719255372673,0.00486954646733271,0.000305469704592827,0.0989182778696183,0.000179688061525192,0.0538345432329476,0.00217422554445483,0.00023359447998275,0,5.39064184575577e-05,0,0.0216883490260907,0,0.0384532451663911,0.000179688061525192,0.0225688205275641,0.0178609933156041,0,1.79688061525192e-05,0.0296844677639618,0.000161719255372673,0.0494501545317329,0,0.000287500898440308,0.0293250916409114,8.98440307625961e-05,0,0.000197656867677711,0.000539064184575577,0.0459462373319917,0.00449220153812981,0.00670236469488967,0.00395313735355423,0.0064508014087544,0.0544634514482858,0.146409832530727,0.0341766693020916,0,0.00303672823977575,0.00123984762452383,0.00592970603033134,0.0126500395313735,0.000269532092287788,0.000826565083015884,0.085513548479839,0.00461798318119744,0.000287500898440308,0.0110328469776468,0.0433227916337239,0.000161719255372673,3.59376123050385e-05,1.79688061525192e-05,0.0563142384819953,1.79688061525192e-05,0.000107812836915115,0.00343204197513117,1.79688061525192e-05,0,0,Normal
5.39064184575577e-05,0.01633364479264,0.0022461007690649,0.0110867533961044,0.000413282541507942,0.143696542801696,0.000125781643067635,0.0574283044634515,0.000952346726083519,8.98440307625961e-05,0,0,0,0.00398907496585927,0,0.0977143678573996,0,8.98440307625961e-05,0.0113383166822396,0,3.59376123050385e-05,3.59376123050385e-05,0,0.0208797527492273,1.79688061525192e-05,0.000179688061525192,0.040142312944728,0.000557032990728096,1.79688061525192e-05,3.59376123050385e-05,0.00172500539064185,0.108711277222741,0.0192445913893481,0,0.032703227197585,0.000826565083015884,0.00977503054697046,0.0992057787680587,0.0208078775246173,1.79688061525192e-05,0.00305469704592827,0,0.00291094659670811,0.00982893696542802,0.00106015956299863,0.00921799755624236,0.0769603967512398,0.00537267303960325,0.000197656867677711,0.0267196147487961,0.0835549486092144,0,0.000916409113778481,1.79688061525192e-05,0.0136742614820671,0,0.00269532092287788,1.79688061525192e-05,0,0.0024257888305901,0.000826565083015884,Normal
0.0489290591533099,0.0041148566089269,0.000449220153812981,0.00422266944584202,0.000485157766118019,0.0783439948249838,5.39064184575577e-05,0.0212211600661252,0.00212031912599727,0.000251563286135269,0,0,0,0.00433048228275713,0,0.0239344497951556,0.0017789118090994,0.000215625673830231,0.00600158125494142,0,0,0.0245992956227988,0.00483360885502767,0.0323438510745346,0,3.59376123050385e-05,0.0391360598001869,3.59376123050385e-05,0.00366563645511392,0.00152734852296413,0.00152734852296413,0.12581758067994,0.0193164666139582,0.010727377273054,0.0445626392582477,0.0457306116581614,0.029486810896284,0.0508157837993244,0.0153633292604039,0,0.00100625314454108,0,0.000952346726083519,0.0178609933156041,3.59376123050385e-05,5.39064184575577e-05,0.0597103428448214,0.0059836124487889,0.000161719255372673,0.0138000431251348,0.097660461438942,0.000323438510745346,0,0.000125781643067635,0.0696830302594696,1.79688061525192e-05,3.59376123050385e-05,0.00138359807374398,0,0,1.79688061525192e-05,Normal
0.000251563286135269,8.98440307625961e-05,0.000251563286135269,0.00386329332279163,0.000143750449220154,0.28516495364048,0.000413282541507942,0.0156508301588442,0.00132969165528642,0.00023359447998275,0,7.18752246100769e-05,0,0.00557032990728096,0,0.0147344210450658,0.000754689858405807,0.0103320635376986,0.00454610795658736,0,0.000251563286135269,0.000736721052253288,0.00734924171638036,0.0558470495220298,0,0.000161719255372673,0.0210414720046,5.39064184575577e-05,3.59376123050385e-05,1.79688061525192e-05,0.00246172644289513,0.0828182275569611,0.0153812980665565,0.031768849277654,0.000269532092287788,0.00120391001221879,0.0432329476029613,0.0382376194925609,0.00147344210450658,0,0.00655861424566952,1.79688061525192e-05,0.00240782002443758,0.00533673542729821,7.18752246100769e-05,0.00154531732911665,0.117515992237476,0.00274922734133544,0,0.0183281822755696,0.0673650542657946,0.000844533889168404,1.79688061525192e-05,0.00684611514410983,0.0653345791705599,0,0.000934377919931,0.00145547329835406,0,5.39064184575577e-05,1.79688061525192e-05,Normal
8.98440307625961e-05,0.000179688061525192,0.000503126572270538,0.00291094659670811,3.59376123050385e-05,0.125422266944584,0.000341407316897865,0.015848487026522,0.00756486739021059,0,0,0,0,0.00619923812261913,0,0.0159562998634371,0.000359376123050385,7.18752246100769e-05,0.00537267303960325,0,0,0.000305469704592827,7.18752246100769e-05,0.141576223675699,0,0.000125781643067635,0.0539782936821678,1.79688061525192e-05,1.79688061525192e-05,5.39064184575577e-05,0.000179688061525192,0.0158664558326745,0.0143570761158629,0,0.0151477035865737,0.0996729677280242,0.0288758714870984,0.16825990081219,0.00104219075684612,0,8.98440307625961e-05,0.000215625673830231,0.000143750449220154,0.000395313735355423,0.000395313735355423,0.00470782721196004,0.062603320635377,0.00070078343994825,0,0.00291094659670811,0.0261086753396104,7.18752246100769e-05,0,0.00132969165528642,0.0370337094803421,3.59376123050385e-05,1.79688061525192e-05,0.00276719614748796,0.000179688061525192,0,0,Normal
5.39064184575577e-05,5.39064184575577e-05,0.000341407316897865,0.00165313016603177,0.000323438510745346,0.122996478113994,0.00222813196291238,0.17724430388845,0.0027132897290304,0.00023359447998275,0.000143750449220154,0,0,0.0115539423560699,0,0.116491770286782,0.00023359447998275,3.59376123050385e-05,0.0357219866312082,0,0.000413282541507942,7.18752246100769e-05,0.00070078343994825,0.064508014087544,0,0.000197656867677711,0.0340508876590239,0.00343204197513117,1.79688061525192e-05,5.39064184575577e-05,0.000125781643067635,0.0351110472220226,0.00851721411629411,0.00310860346438583,0.0242758571120535,0.03273916480989,0.0157227053834543,0.0998526557895493,0.0893229353841731,0,0.0014015668798965,0,0.00023359447998275,0.00309063465823331,0.000107812836915115,0.00871487098397183,0.0200172500539064,0.00283907137209804,0,0.00434845108890965,0.0256235175734924,0.000287500898440308,0.000269532092287788,0,0.00964924890390283,0,0.00540861065190829,0.00657658305182204,0.000107812836915115,0,0,Normal
0,0.00152734852296413,0.000287500898440308,0.00213828793214979,3.59376123050385e-05,0.177513835980737,0.000125781643067635,0.0539423560698627,0.00276719614748796,3.59376123050385e-05,0,0,0,0.00796018112556602,0,0.0256235175734924,0.000610939409185654,0.00136562926759146,0.00506720333501042,0,0.000143750449220154,0.000413282541507942,5.39064184575577e-05,0.0740674189606843,7.18752246100769e-05,0.000431251347660461,0.0217961618630058,3.59376123050385e-05,3.59376123050385e-05,5.39064184575577e-05,0.000826565083015884,0.00483360885502767,0.0152914540357939,0,0.00558829871343348,0.317203335010422,0.0507259397685618,0.0729533529792281,0.00470782721196004,0,0.00528282900884065,0,0.00023359447998275,0.000161719255372673,1.79688061525192e-05,0.00111406598145619,0.0748041400129375,0.000395313735355423,3.59376123050385e-05,0.00724142887946525,0.00323438510745346,0,0,0,0.00264141450442033,0,0.00294688420901315,0,1.79688061525192e-05,0.000125781643067635,0,Normal
7.18752246100769e-05,0.000125781643067635,0,0.00698986559332998,0.000125781643067635,0.172356788614964,7.18752246100769e-05,0.0403040322001006,0.00273125853518292,0.00113203478760871,0,0,0,0.0158664558326745,0,0.0282110256594552,0.000503126572270538,0.000107812836915115,0.00945159203622511,0,0.00528282900884065,0.00472579601811256,3.59376123050385e-05,0.0528642277007116,0.000161719255372673,0.000215625673830231,0.0482642133256666,0.000215625673830231,1.79688061525192e-05,0,0.00154531732911665,0.0437001365629268,0.010278157119241,0.00873283979012434,0.00964924890390283,0.000880471501473442,0.0757385179328685,0.056511895349673,0.00824768202400633,0,0.00253360166750521,0.00023359447998275,0.00192266225831956,0.000395313735355423,0,0.00481564004887515,0.152016100050313,0.00132969165528642,0,0.00970315532236038,0.0316250988284338,0.000754689858405807,0,0,0.0287321210378782,0,0,0.00334219794436858,1.79688061525192e-05,0,0,Normal
0.00862502695320923,0.029414935671674,0.00150937971681161,0.00316250988284338,0.00023359447998275,0.0694494357794868,0.00368360526126644,0.0372313663480198,0.0024257888305901,0.000215625673830231,0,8.98440307625961e-05,0,0.00375548048587652,0,0.0893409041903256,0.000323438510745346,0.0376087112772227,0.0104578451807662,0,0.000341407316897865,0.00438438870121469,0.000952346726083519,0.142007475023359,3.59376123050385e-05,0.000557032990728096,0.0147883274635233,0.00619923812261913,1.79688061525192e-05,0,0.000485157766118019,0.0759541436066988,0.00255157047365773,5.39064184575577e-05,0.000179688061525192,0.00706174081794006,0.0193883418385682,0.0819916624739452,0.00866096456551427,0,0.0014015668798965,0.000143750449220154,0.000557032990728096,0.0303313447854525,0.00168906777833681,0.00632501976568677,0.0451915474735859,0.00425860705814706,0.000575001796880615,0.00530079781499317,0.0620462876446489,8.98440307625961e-05,0.000215625673830231,0.00370157406741896,0.0567454898296557,0.000431251347660461,0.000844533889168404,0.0112305038453245,0,1.79688061525192e-05,0.000161719255372673,Normal
0.000413282541507942,0.00352188600589377,1.79688061525192e-05,0.00070078343994825,0,0.0014015668798965,0.11212535039172,0.0762596133112916,0.000269532092287788,1.79688061525192e-05,0,0.000125781643067635,0,0.00147344210450658,0,0.101397973118666,0,1.79688061525192e-05,0.00797814993171854,1.79688061525192e-05,0.00023359447998275,0.000143750449220154,0,0.00876877740242938,0,1.79688061525192e-05,0.0010242219506936,0.0379141809818156,0.0501868755839862,0.000557032990728096,1.79688061525192e-05,0.00477970243657011,0.000197656867677711,0,0.0069179903687199,0.000179688061525192,0.000575001796880615,0.325684611514411,0.0014914109106591,0,7.18752246100769e-05,0,0,0.000557032990728096,0.00438438870121469,1.79688061525192e-05,0.00664845827643211,0.00237188241213254,1.79688061525192e-05,0.000143750449220154,0.068245525767268,0,0,1.79688061525192e-05,0.0115898799683749,0,0,0.000449220153812981,0,0,0,Normal
7.18752246100769e-05,7.18752246100769e-05,0.00159922374757421,0.00176094300294688,0.000179688061525192,0.0920002875008984,0.00256953927981025,0.0233055415798174,0.00540861065190829,0.000449220153812981,0,0,0,0.0019585998706246,0,0.0352008912527852,0.000107812836915115,0.000359376123050385,0.0113922231006972,0,0,0.000844533889168404,7.18752246100769e-05,0.0606626895709049,0,0.00170703658448933,0.00380938690433408,0.00023359447998275,1.79688061525192e-05,0,0.000323438510745346,0.0370516782864946,0.0124703514698483,0.00345001078128369,0.0264141450442033,0.0209156903615324,0.00993674980234313,0.409796593114353,0.000377344929202904,1.79688061525192e-05,0.000826565083015884,1.79688061525192e-05,0.00070078343994825,0.00152734852296413,0.000125781643067635,0.00377344929202904,0.0248508589089341,0.00319844749514842,0.0125242578883059,0.00713361604255013,0.0401962193631855,0.00742111694099044,0,0,0.0470782721196004,0,1.79688061525192e-05,0.000161719255372673,0,1.79688061525192e-05,0,Normal
0.000664845827643211,0.00190469345216704,0,0.00300079062747071,1.79688061525192e-05,0.00152734852296413,0.00424063825199454,0.143301229066341,0.00129375404298138,1.79688061525192e-05,0,1.79688061525192e-05,0,0.00690002156256738,0,0.0831776036800115,0.000269532092287788,7.18752246100769e-05,0.0123266010206282,0,0.00274922734133544,0.000395313735355423,7.18752246100769e-05,0.00857112053475167,0.000287500898440308,3.59376123050385e-05,0.00120391001221879,0.00269532092287788,1.79688061525192e-05,0.00123984762452383,0,0.0119312872852728,5.39064184575577e-05,0,0.000359376123050385,0.000341407316897865,0.00370157406741896,0.120732408538777,0.122780852440164,0,7.18752246100769e-05,0.0017789118090994,1.79688061525192e-05,0.0022461007690649,0.00977503054697046,0.00688205275641486,0.0300618126931647,0.00995471860849565,0.000107812836915115,0.000610939409185654,0.0645798893121541,3.59376123050385e-05,1.79688061525192e-05,0,0.00648673902105944,0,1.79688061525192e-05,1.79688061525192e-05,5.39064184575577e-05,0,0,CRC
0.000125781643067635,0.000161719255372673,0.000269532092287788,0.00276719614748796,3.59376123050385e-05,0.00549845468267088,5.39064184575577e-05,0.27111334722921,0.00129375404298138,1.79688061525192e-05,0,0,0,0.0033601667505211,0,0.188564651764537,0.00023359447998275,3.59376123050385e-05,0.0198734996046863,0,3.59376123050385e-05,0.00023359447998275,5.39064184575577e-05,0.0306188456838928,0,0.000952346726083519,0.0103680011500036,0.000197656867677711,0,0.000197656867677711,8.98440307625961e-05,0.00675627111334723,0.000287500898440308,0.000539064184575577,0.00930784158700496,0.00521095378423058,0.00154531732911665,0.245831236972616,0.0195500610939409,3.59376123050385e-05,3.59376123050385e-05,8.98440307625961e-05,0.000125781643067635,0.0017789118090994,0.0042047006396895,0.00301875943362323,0.052325163516136,0.00219219435060735,0,0.000988284338388557,0.0151836411988787,0.00023359447998275,0,1.79688061525192e-05,0.0144469201466255,0,0,1.79688061525192e-05,0,0.000287500898440308,0,Normal
7.18752246100769e-05,0.0109070653345792,0.000736721052253288,0.00141953568604902,5.39064184575577e-05,0.0514446920146625,0.0004671889599655,0.0323258822683821,0.000862502695320923,0.0013117228491339,0,0,0,0.00916409113778481,0,0.0195141234816359,5.39064184575577e-05,3.59376123050385e-05,0.00486954646733271,0,0.0127937899805937,0.110741752317976,0.00298282182131819,0.0709947531086035,1.79688061525192e-05,5.39064184575577e-05,0.0206641270753971,0.000161719255372673,1.79688061525192e-05,0.00553439229497592,0.00379141809818156,0.0367102709695968,0.00964924890390283,0.00104219075684612,0.0344462013943794,0.291975131172285,0.0143750449220154,0.0546251707036585,0.00141953568604902,0,0.0028929777905556,8.98440307625961e-05,0.00319844749514842,0.0050492345288579,0.000485157766118019,0.00070078343994825,0.0979299935312298,0.00125781643067635,0.004671889599655,0.0104039387623086,0.0105476892115288,1.79688061525192e-05,0,1.79688061525192e-05,0.0178430245094516,8.98440307625961e-05,0.000610939409185654,0.000503126572270538,1.79688061525192e-05,0.000377344929202904,0.000143750449220154,Normal
0.019136778552433,3.59376123050385e-05,0.000449220153812981,0.000305469704592827,0.000161719255372673,0.0309782218069431,0.000449220153812981,0.0176094300294688,0.000628908215338173,0.000269532092287788,0.0164055200172501,0,0,0.00125781643067635,0,0.0214008481276504,0,0.0251742974196794,0.00745705455329548,0,0.000143750449220154,0.00968518651620786,0.0144469201466255,0.0124883202760009,0,0.00273125853518292,0.00371954287357148,0.00325235391360598,0.135969956156113,0.00952346726083519,0.000179688061525192,0.0358477682742759,0.003737511679724,0.000521095378423058,0.00519298497807806,0.116060518939122,0.01868755839862,0.0134586358082369,0.203011571911162,0.0631603536261051,0.000377344929202904,0,3.59376123050385e-05,0.000125781643067635,3.59376123050385e-05,0,0.0209156903615324,0.00463595198734996,0.000880471501473442,0.00470782721196004,0.0642564508014088,0.00546251707036585,0.00237188241213254,3.59376123050385e-05,0.0032703227197585,0,7.18752246100769e-05,0,5.39064184575577e-05,0.000521095378423058,0,Normal
5.39064184575577e-05,3.59376123050385e-05,0,0.000413282541507942,5.39064184575577e-05,0.000682814633795731,0.108926902896572,0.534428232588227,0.000521095378423058,1.79688061525192e-05,1.79688061525192e-05,0,0,0.00294688420901315,0,0.1615575361173,1.79688061525192e-05,0,0.0232336663552074,1.79688061525192e-05,0.000628908215338173,0.0401243441385754,0.000125781643067635,0.00106015956299863,0,0.000107812836915115,0.000215625673830231,3.59376123050385e-05,0,1.79688061525192e-05,0,0.000988284338388557,0,0,0.000269532092287788,0.000269532092287788,0.00355782361819881,0.0160641127003522,0.00530079781499317,0,3.59376123050385e-05,0.000161719255372673,0,0.000503126572270538,0.00152734852296413,0.027546179831812,0.0189750592970603,0.00230000718752246,0,1.79688061525192e-05,0.0357399554373607,1.79688061525192e-05,0,0,0.000916409113778481,0,0,0,0.000107812836915115,0.000413282541507942,0,Normal
5.39064184575577e-05,5.39064184575577e-05,0,0.00226406957521742,8.98440307625961e-05,0.0019585998706246,0.0473118665995831,0.231150722346007,0.00352188600589377,7.18752246100769e-05,0,0.000251563286135269,0,0.00231797599367498,0,0.0752174225544455,0,0.000143750449220154,0.0237727305397829,0,0,0.0100086250269532,0.000952346726083519,0.0409509092215913,0,0.000341407316897865,0.00260547689211529,0.000125781643067635,7.18752246100769e-05,0.00537267303960325,7.18752246100769e-05,0.0330985409329404,8.98440307625961e-05,0,0.000125781643067635,0.00451017034428233,0.019657873930856,0.177513835980737,0.00720549126716021,1.79688061525192e-05,1.79688061525192e-05,0.000125781643067635,8.98440307625961e-05,0.0064508014087544,0.0141234816358801,0.00337813555667361,0.065891612161288,0.00461798318119744,0.000107812836915115,0.00147344210450658,0.0237008553151729,8.98440307625961e-05,0,1.79688061525192e-05,0.116294113419104,0,0,0.00120391001221879,0,1.79688061525192e-05,0,Normal
0.00023359447998275,0.000269532092287788,0.000107812836915115,0.00316250988284338,1.79688061525192e-05,0.0692158412995041,0.000449220153812981,0.036925896643427,0.025192266225832,0,0,1.79688061525192e-05,0,0.0552720477251491,0,0.0295586861208941,0.000107812836915115,7.18752246100769e-05,0.00668439588873715,0,8.98440307625961e-05,0.000610939409185654,0.0258032056350176,0.120337094803421,0,0.00107812836915115,0.0509954718608496,0.000125781643067635,1.79688061525192e-05,0.000754689858405807,0.000790627470710846,0.014015668798965,0.00287500898440308,0.00298282182131819,0.0102242507007834,0.0296125925393517,0.0268094587795587,0.0418852871415223,0.000988284338388557,1.79688061525192e-05,0.00309063465823331,0.00249766405520017,0.000521095378423058,0.000628908215338173,0.000395313735355423,0.00274922734133544,0.0759002371882412,0.000592970603033134,0.000646877021490692,0.0031804786889959,0.0179688061525192,7.18752246100769e-05,1.79688061525192e-05,3.59376123050385e-05,0.0471142097319054,0,3.59376123050385e-05,0.00664845827643211,3.59376123050385e-05,0.00168906777833681,3.59376123050385e-05,Normal
0.0504384388701215,0.00323438510745346,0.000395313735355423,0.00461798318119744,5.39064184575577e-05,0.367030834471358,0.000359376123050385,0.046233738230432,0.00501329691655286,0.000125781643067635,0,3.59376123050385e-05,0,0.0059836124487889,0,0.000682814633795731,0,0.0130992596851865,0.00797814993171854,0,0.000539064184575577,0.000251563286135269,1.79688061525192e-05,0.0251203910012219,0.0126141019190685,0.000179688061525192,0.000107812836915115,0.000143750449220154,0.00902034068856465,1.79688061525192e-05,0.000808596276863365,0.00472579601811256,0.0162617695680299,1.79688061525192e-05,0.000179688061525192,0.00756486739021059,0.00641486379644936,0.0456048300150938,0.00181484942140444,0.0408071587723712,0.00966721771005534,0.000539064184575577,0.00167109897218429,0.000161719255372673,0,0.0101164378638683,0.0190469345216704,0.000646877021490692,1.79688061525192e-05,0.00751096097175304,0.00147344210450658,5.39064184575577e-05,0,0,0.000341407316897865,0,0.00447423273197729,7.18752246100769e-05,0,0,0,Normal
0.000215625673830231,0.0014914109106591,8.98440307625961e-05,0.00397110615970675,0,0.122960540501689,0.00174297419679436,0.0941745130453533,0.00433048228275713,1.79688061525192e-05,3.59376123050385e-05,0,0,0.00806799396248113,0,0.0460720189750593,8.98440307625961e-05,0.000287500898440308,0.00668439588873715,0,0,0.00486954646733271,0,0.115090203406886,0,0.00172500539064185,0.0163875512110975,0,3.59376123050385e-05,8.98440307625961e-05,0.000395313735355423,0.0225867893337167,0.00553439229497592,0.00479767124272263,0.0219039746999209,0.00301875943362323,0.043017321929131,0.0585244016387551,0.00179688061525192,3.59376123050385e-05,0.00465392079350248,0.000431251347660461,0.00460001437504492,0.00265938331057285,0,0.00416876302738446,0.0444188888090275,0.000646877021490692,0,0.00449220153812981,0.0416696614676921,7.18752246100769e-05,7.18752246100769e-05,3.59376123050385e-05,0.023808668152088,8.98440307625961e-05,0.00571408035650111,0.000664845827643211,0,0.00424063825199454,0,Normal
1.79688061525192e-05,0.000970315532236038,0.000323438510745346,0.00366563645511392,7.18752246100769e-05,0.0851362035506361,0.000215625673830231,0.0829799468123338,0.00314454107669086,0.000539064184575577,0,1.79688061525192e-05,0,0.0135484798389995,0,0.0688564651764537,0,0.0155250485157766,0.0116797239991375,0,3.59376123050385e-05,0.000269532092287788,1.79688061525192e-05,0.200334219794437,3.59376123050385e-05,0.00510314094731546,0.0269352404226263,0.000197656867677711,1.79688061525192e-05,0.000107812836915115,0.000880471501473442,0.0204485014015669,0.00190469345216704,0.00244375763674261,0.00303672823977575,0.0028929777905556,0.0903651261410192,0.106572989290592,0.00497735930424783,1.79688061525192e-05,0.00652267663336448,0.00141953568604902,0.00436641989506217,0.00215625673830231,0.000754689858405807,0.0106195644361389,0.0898799683749012,0.00129375404298138,0,0.00328829152591102,0.0252821102565946,0.00226406957521742,1.79688061525192e-05,5.39064184575577e-05,0.035955581111191,0,0,0.000646877021490692,1.79688061525192e-05,3.59376123050385e-05,0,CRC
0.000107812836915115,0.041076690864659,0.000377344929202904,0.00129375404298138,8.98440307625961e-05,0.0541579817436929,0.00472579601811256,0.049108747214835,0.00923596636239488,7.18752246100769e-05,0,3.59376123050385e-05,0,0.00621720692877165,0,0.0458024868827715,0,0.0318407245022641,0.00914612233163229,0,0,0.000125781643067635,0,0.0606986271832099,0,0.000125781643067635,0.0724142887946525,8.98440307625961e-05,0,1.79688061525192e-05,8.98440307625961e-05,0.0273844605764393,0.00328829152591102,0,0.000269532092287788,0.0324336951052972,0.0156867677711493,0.0987206210019406,0.0187594336232301,0,0.00431251347660461,0.00452813915043484,0.000143750449220154,0.00226406957521742,0.000179688061525192,0.0024257888305901,0.0379501185941206,0.00472579601811256,7.18752246100769e-05,0.0038273557104866,0.0453532667289585,3.59376123050385e-05,1.79688061525192e-05,3.59376123050385e-05,0.037860274563358,1.79688061525192e-05,0.000323438510745346,5.39064184575577e-05,1.79688061525192e-05,5.39064184575577e-05,0,Normal
1.79688061525192e-05,0.000143750449220154,7.18752246100769e-05,0.00652267663336448,3.59376123050385e-05,0.0659994249982031,0.000197656867677711,0.0463954574858046,0.00409688780277438,0.00167109897218429,1.79688061525192e-05,3.59376123050385e-05,0,0.00911018471932725,0,0.0348235463235823,0.000179688061525192,7.18752246100769e-05,0.007475023359448,0,1.79688061525192e-05,0.000575001796880615,0.000179688061525192,0.197584992453101,0,0.0013117228491339,0.0128836340113563,0.00179688061525192,0,0.000485157766118019,0.00120391001221879,0.0328469776468051,0.00752892977790556,0.00528282900884065,0.0175016171925537,0.0349133903543449,0.0481204628764465,0.189499029684468,0.00451017034428233,0,0.00690002156256738,0.00125781643067635,0.00136562926759146,0.00391719974124919,0.000215625673830231,0.00158125494142169,0.0688564651764537,0.00134766046143894,0.00251563286135269,0.00826565083015884,0.0558650183281823,1.79688061525192e-05,0.000179688061525192,0,0.0192086537770431,0.000251563286135269,0,0.00115000359376123,0,0,0,Normal
3.59376123050385e-05,0.000107812836915115,0,0.00343204197513117,1.79688061525192e-05,0.142384819952562,0.0117875368360526,0.0747682024006325,0.00571408035650111,0,0,0,0,0.0131531661036441,0,0.0366383957449867,0,0.000323438510745346,0.0133148853590167,1.79688061525192e-05,0,8.98440307625961e-05,0.000251563286135269,0.263063322072881,0,0.00352188600589377,0.0526486020268813,0.000215625673830231,0,3.59376123050385e-05,0.000682814633795731,0.0023359447998275,0.00260547689211529,1.79688061525192e-05,1.79688061525192e-05,0.000251563286135269,0.0942643570761159,0.0954323294760296,0.0151656723927262,1.79688061525192e-05,0.0113203478760871,0,0.00240782002443758,0.000107812836915115,0,0.0114461295191547,0.0639150434845109,0.000359376123050385,5.39064184575577e-05,0.000413282541507942,0.0208617839430748,1.79688061525192e-05,1.79688061525192e-05,0,0.00309063465823331,0,0,1.79688061525192e-05,0,0,0,Normal
7.18752246100769e-05,0.0456048300150938,0.00503126572270538,7.18752246100769e-05,0.000682814633795731,0.0538884496514052,0.00422266944584202,0.00698986559332998,0.000341407316897865,0.00357579242435133,0.00165313016603177,0,0,0.00123984762452383,0,0.0118414432545102,0,0.00600158125494142,0.00618126931646661,0,3.59376123050385e-05,0.0109250341407317,0.0013117228491339,0.0201430316969741,0,8.98440307625961e-05,0.000718752246100769,0.000808596276863365,0,0.00661252066412708,0.0004671889599655,0.130579314310357,0.0283008696902178,0.00589376841802631,5.39064184575577e-05,0.0157047365773018,0.000431251347660461,0.0578056493926544,0.000413282541507942,0,0.00436641989506217,0,0.00203047509523467,0.048587651836412,0.000107812836915115,0,0.0184000575001797,0.0119312872852728,0.00433048228275713,0.0132250413282542,0.0744267950837346,0.000503126572270538,0.0019585998706246,0.000251563286135269,0.0180945877955869,0,0,5.39064184575577e-05,0,0,0,Normal
5.39064184575577e-05,0.111298785308704,0.000251563286135269,0.000161719255372673,8.98440307625961e-05,0.00497735930424783,0.000107812836915115,0.00168906777833681,0.000323438510745346,0.000125781643067635,0,0.00023359447998275,0,0.00591173722417883,0,0.0019585998706246,0.00023359447998275,0,0.00150937971681161,1.79688061525192e-05,7.18752246100769e-05,0.0625134766046144,3.59376123050385e-05,0.00682814633795731,0,1.79688061525192e-05,3.59376123050385e-05,0.000125781643067635,0,1.79688061525192e-05,7.18752246100769e-05,0.00506720333501042,0.000754689858405807,1.79688061525192e-05,0.0108531589161216,0.000125781643067635,0.000575001796880615,0.00982893696542802,0.0013117228491339,0.00165313016603177,5.39064184575577e-05,0.000143750449220154,0.000413282541507942,0.0288219650686408,0.000323438510745346,0.000107812836915115,0.0042047006396895,0.000521095378423058,0.000287500898440308,0.00125781643067635,0.0193344354201107,0,0,0.034536045425142,0.0288399338747934,1.79688061525192e-05,0,0.00023359447998275,0,0,0,CRC
0.00190469345216704,3.59376123050385e-05,0.00150937971681161,1.79688061525192e-05,7.18752246100769e-05,0.461438941996694,0.000161719255372673,0.0100265938331057,0.00145547329835406,0.000682814633795731,0,0,0,0.146697333429167,0,0.000161719255372673,0,0.000269532092287788,0.000844533889168404,0,0,0.0359196434988859,0.000592970603033134,0.0024257888305901,0,0,7.18752246100769e-05,1.79688061525192e-05,0,1.79688061525192e-05,0,0.0232156975490548,0.0174656795802487,1.79688061525192e-05,0.059350966721771,0.00023359447998275,0.00312657227053835,0.0477610867533961,0.00107812836915115,0,0.00106015956299863,0,0,3.59376123050385e-05,0,0.000395313735355423,0.0173578667433336,3.59376123050385e-05,1.79688061525192e-05,0.00416876302738446,0.00406095019046934,0,0,3.59376123050385e-05,8.98440307625961e-05,0,0,3.59376123050385e-05,3.59376123050385e-05,0,0,CRC
5.39064184575577e-05,0.00655861424566952,0.00194063106447208,0.00152734852296413,0.000539064184575577,0.100122187881837,0.00213828793214979,0.101901099690937,0.00278516495364048,0.00120391001221879,0,7.18752246100769e-05,0,0.010242219506936,0,0.0311579098684683,0,8.98440307625961e-05,0.012632070725221,1.79688061525192e-05,0.000359376123050385,0.00492345288579027,0.000143750449220154,0.119007403148135,0.000161719255372673,0.000107812836915115,0.0183461510817221,0.0014015668798965,0,3.59376123050385e-05,0.00150937971681161,0.0440415438798246,0.00999065622080069,0,0.0202508445338892,0.000395313735355423,0.0405735642923884,0.0896104362826134,0.00438438870121469,0,0.00452813915043484,1.79688061525192e-05,0.00567814274419608,0.00409688780277438,0.00395313735355423,0.000898440307625961,0.0656220800690002,0.00346797958743621,0.00143750449220154,0.0977143678573996,0.0529001653130166,7.18752246100769e-05,0.000323438510745346,0,0.00866096456551427,0,0,1.79688061525192e-05,0,0,0,Normal
3.59376123050385e-05,0.00353985481204629,0.000323438510745346,0.00722346007331273,0.00141953568604902,0.120552720477251,1.79688061525192e-05,0.10727377273054,0.00226406957521742,0.000970315532236038,0,0.000179688061525192,0,0.00449220153812981,0,0.0388844965140516,0.000664845827643211,1.79688061525192e-05,0.0357938618558183,1.79688061525192e-05,3.59376123050385e-05,0.00199453748292963,0.00303672823977575,0.04201106878459,0,0.00725939768561777,0.00957737367929275,0.000179688061525192,0,0,0.000862502695320923,0.0403579386185582,0.00623517573492417,0,0.0311938474807734,8.98440307625961e-05,0.127452742039819,0.140120750377345,0.0113023790699346,1.79688061525192e-05,0.011248472651477,0,0.00265938331057285,0.00991878099619061,0.00190469345216704,0.0101883130884784,0.0870768346151082,0.00582189319341623,0,0.0417055990799971,0.0322719758499245,0,0,0,0.0108531589161216,0,0.00165313016603177,1.79688061525192e-05,0,7.18752246100769e-05,0,Normal
3.59376123050385e-05,0.00070078343994825,0.0004671889599655,0.000952346726083519,0.000197656867677711,0.0879573061165816,0.0440056062675196,0.036889959031122,0.00300079062747071,0.00107812836915115,0,0.00104219075684612,0,0.00530079781499317,0,0.0715877237116366,0.000179688061525192,0.00204844390138719,0.00885862143319198,0,0.00253360166750521,0.000287500898440308,0.000197656867677711,0.075199453748293,0,8.98440307625961e-05,0.0060734564795515,0.0119851937037303,1.79688061525192e-05,1.79688061525192e-05,0.00231797599367498,0.0535829799468123,0.00526486020268813,0.00165313016603177,0.0293430604470639,0.00023359447998275,0.0115359735499173,0.119456623301948,0.000557032990728096,0,0.011212535039172,0.00127578523682887,0.000197656867677711,0.0614353482354632,0.000664845827643211,0.00152734852296413,0.0330446345144829,0.00517501617192554,0,0.00928987278085244,0.0941206066268957,0.00237188241213254,0.000808596276863365,0,0.0516064112700352,1.79688061525192e-05,0.00255157047365773,0.0113742542945447,1.79688061525192e-05,0.00127578523682887,0,Normal
0.115359735499173,0.0182742758571121,0.00118594120606627,0.000197656867677711,0.0173578667433336,0.0849205778768059,0.000341407316897865,0.00533673542729821,0.000898440307625961,0.000682814633795731,0,0,0,0.00618126931646661,0,0.0109609717530367,0.000754689858405807,0.00070078343994825,0.000790627470710846,0,1.79688061525192e-05,0.112035506360957,0.00106015956299863,0.0172141162941134,3.59376123050385e-05,0,3.59376123050385e-05,0.000107812836915115,0.0114820671314598,3.59376123050385e-05,0.00438438870121469,0.0652087975274923,0.0162078631495723,1.79688061525192e-05,0.0419212247538274,0.0206102206569396,0.0166031768849278,0.085962768633652,0.000970315532236038,0,0.00461798318119744,0,0.0010242219506936,0.0578954934234169,0.000197656867677711,0,0.00519298497807806,0.00219219435060735,0.00695392798102494,0.0144469201466255,0.0783799324372889,0,3.59376123050385e-05,8.98440307625961e-05,0.0191008409401279,0,0.00305469704592827,1.79688061525192e-05,0,0.000197656867677711,5.39064184575577e-05,CRC
5.39064184575577e-05,0.0178969309279092,1.79688061525192e-05,0.0109430029468842,1.79688061525192e-05,0.0161180191188097,0.0641845755767987,0.171260691439661,0.00431251347660461,1.79688061525192e-05,0.0253719542873571,0,0,0.000970315532236038,0,0.125440235750737,0,0.0162438007618774,0.0222094444045138,0,0.000844533889168404,8.98440307625961e-05,1.79688061525192e-05,0.120534751671099,0,0.000305469704592827,0.0101523754761734,0.000898440307625961,0,0.00666642708258463,1.79688061525192e-05,0.021005534392295,0.0004671889599655,0.000934377919931,0.000305469704592827,0.00429454467045209,0.0885143391073097,0.151674692733415,0.00497735930424783,1.79688061525192e-05,0,0,0.000323438510745346,0.000431251347660461,0.00158125494142169,8.98440307625961e-05,0.0540322001006253,0.00240782002443758,0.000395313735355423,0.000215625673830231,0.0210774096169051,1.79688061525192e-05,0,0.000107812836915115,0.0116078487745274,0,0,0.00282110256594552,0,0,0,Normal
0,0.00497735930424783,0.000610939409185654,0.000808596276863365,0.000557032990728096,0.243890605908143,0.000323438510745346,0.0559548623589449,0.00454610795658736,0.00070078343994825,0,5.39064184575577e-05,0,0.00632501976568677,0,0.0243836699489686,0.000413282541507942,0.000323438510745346,0.00824768202400633,0,3.59376123050385e-05,0.000107812836915115,0.00521095378423058,0.0560806440020125,0.000287500898440308,0.000125781643067635,0.000970315532236038,5.39064184575577e-05,0,3.59376123050385e-05,0.00159922374757421,0.0433227916337239,0.011661755192985,0.005606267519586,0.0399266872708977,0.000287500898440308,0.0255696111550349,0.0566017393804356,0.000413282541507942,0,0.00546251707036585,1.79688061525192e-05,0.00810393157478617,0.00325235391360598,0.000718752246100769,0.0017789118090994,0.070563501760943,0.00226406957521742,0.00918205994393733,0.0267016459426436,0.0489290591533099,0.089286997771868,0.000197656867677711,0,0.0321461942068569,5.39064184575577e-05,0.0024257888305901,0.00533673542729821,0,0.000736721052253288,0,CRC
0.0207180334938547,0.00494142169194279,0,0.00292891540286063,3.59376123050385e-05,0.00350391719974125,0.0358477682742759,0.0438438870121469,0.00389923093509667,0.000161719255372673,0.00519298497807806,0,0,0.00158125494142169,0,0.0437181053690793,0.000251563286135269,0.0232516351613599,0.00946956084237763,0,0.00451017034428233,0.0004671889599655,0.0479048372026163,0.0756307050959534,1.79688061525192e-05,0.00170703658448933,0.0167469273341479,0.000808596276863365,0.0432329476029613,0.000790627470710846,8.98440307625961e-05,0.0286063393948106,0.000610939409185654,0.00301875943362323,0.000107812836915115,0.354614389419967,0.00808596276863365,0.0883346510457845,0.00125781643067635,0,0.000503126572270538,0.000323438510745346,0.000215625673830231,0.00402501257816431,0.000413282541507942,0.000539064184575577,0.0234492920290376,0.00247969524904765,0.0022461007690649,0.00106015956299863,0.0178430245094516,0.000970315532236038,5.39064184575577e-05,0.00118594120606627,0.0225328829152591,1.79688061525192e-05,0,0.00332422913821606,0,0,0,Normal
1.79688061525192e-05,0.00867893337166679,0.00023359447998275,0.00537267303960325,1.79688061525192e-05,0.0170523970387407,8.98440307625961e-05,0.135826205706893,0.00231797599367498,0,1.79688061525192e-05,0,0,0.0150398907496586,0,0.174081794005606,0,3.59376123050385e-05,0.0183102134694171,0,0.000107812836915115,7.18752246100769e-05,0.000251563286135269,0.0655142672320851,3.59376123050385e-05,0.00287500898440308,0.00770861783943075,0.000179688061525192,0.000107812836915115,0.000251563286135269,0,0.0408071587723712,0.000413282541507942,0,0.00535470423345073,0.000413282541507942,0.0510853158916122,0.147380148062963,0.0236649177028678,0,0.00118594120606627,1.79688061525192e-05,1.79688061525192e-05,0.00188672464601452,0.00623517573492417,0.0101344066700208,0.0340688564651765,0.00438438870121469,1.79688061525192e-05,0.003737511679724,0.0481564004887515,1.79688061525192e-05,0,0,0.0393337166678646,0,0,1.79688061525192e-05,8.98440307625961e-05,0,0,CRC
1.79688061525192e-05,0.0176813052540789,3.59376123050385e-05,0.0041148566089269,0.00023359447998275,0.0624775389923094,0.000790627470710846,0.12353554229857,0.00501329691655286,0.000359376123050385,0,0,0,0.00370157406741896,0,0.0434845108890965,0.000413282541507942,3.59376123050385e-05,0.00889455904549702,0,0.000143750449220154,0.00567814274419608,0.0188313088478402,0.128279307122835,0.00134766046143894,7.18752246100769e-05,0.0209336591676849,0.00070078343994825,0.000125781643067635,7.18752246100769e-05,0.000664845827643211,0.0642744196075613,0.00591173722417883,0.00362969884280888,0.0196399051247035,0.000395313735355423,0.0130633220728815,0.0994214044418889,0.00156328613526917,0,0.00319844749514842,0.000107812836915115,0.00127578523682887,0.0204844390138719,0.0013117228491339,0.00646877021490692,0.0700963128009775,0.00199453748292963,0,0.00170703658448933,0.0567275210235032,7.18752246100769e-05,0,0,0.0517860993315604,0.000125781643067635,0.00134766046143894,0.00213828793214979,0,0.000269532092287788,3.59376123050385e-05,CRC
0.00395313735355423,0.000287500898440308,5.39064184575577e-05,0.00264141450442033,0,0.00526486020268813,0.00203047509523467,0.17553726730396,0.000826565083015884,0,0.0471142097319054,0,0,0.00362969884280888,0,0.0733846043268885,1.79688061525192e-05,0.000359376123050385,0.0769064903327823,0.000125781643067635,5.39064184575577e-05,0.000682814633795731,0.000628908215338173,0.0664845827643211,1.79688061525192e-05,1.79688061525192e-05,0.00323438510745346,8.98440307625961e-05,0.0131711349097966,0.000395313735355423,0,0.00143750449220154,0.000107812836915115,1.79688061525192e-05,0.00253360166750521,0.000215625673830231,0.018723496010925,0.0364587076834615,0.158808308775965,0,0,0.000107812836915115,0,1.79688061525192e-05,1.79688061525192e-05,0.0017789118090994,0.0647775461798318,0.00179688061525192,0,5.39064184575577e-05,0.0244555451735787,0,0,0,0.00141953568604902,0,0,0,0,0,0,Normal
0.00521095378423058,0.0129375404298138,0.000125781643067635,0.000898440307625961,0.000197656867677711,0.061668942715446,0.0195500610939409,0.129069934593546,0.00143750449220154,1.79688061525192e-05,5.39064184575577e-05,0.000323438510745346,0,0.00990081219003809,0,0.0870408970028031,0,0.00127578523682887,0.021005534392295,0,0.0260907065334579,0.00858908934090419,0.00246172644289513,0.0150398907496586,0.0344102637820743,0.000772658664558327,0.0166930209156904,0.00070078343994825,0.00618126931646661,8.98440307625961e-05,0.000323438510745346,0.0236649177028678,0.00111406598145619,0.000575001796880615,0.00332422913821606,0.027061022065694,0.0162977071803349,0.15142312944728,0.00839143247322648,0,0.00147344210450658,7.18752246100769e-05,7.18752246100769e-05,0.00163516135987925,0.00492345288579027,0.012146912959103,0.0259649248903903,0.00404298138431683,1.79688061525192e-05,0.0004671889599655,0.0112844102637821,0.000179688061525192,1.79688061525192e-05,0,0.00715158484870265,7.18752246100769e-05,0.000107812836915115,0.000287500898440308,5.39064184575577e-05,1.79688061525192e-05,0,Normal
0.000610939409185654,0.000143750449220154,0.000359376123050385,0.00292891540286063,0.000269532092287788,0.517196147487961,8.98440307625961e-05,0.0822971321785381,0.00402501257816431,0.00341407316897865,3.59376123050385e-05,0,0,0.00219219435060735,0,0.0119492560914253,0.00168906777833681,7.18752246100769e-05,0.0142133256666427,0,0.00023359447998275,0.000143750449220154,0.000449220153812981,0.0561165816143175,1.79688061525192e-05,0.00345001078128369,0.000125781643067635,0,7.18752246100769e-05,0,0.00197656867677711,0.0161180191188097,0.00634298857183929,0.0267196147487961,0.0165133328541652,0.00370157406741896,0.00267735211672536,0.0698267807086897,0.00492345288579027,0,1.79688061525192e-05,0,0.00485157766118019,0.000592970603033134,1.79688061525192e-05,0.0004671889599655,0.0346438582620571,0.00158125494142169,3.59376123050385e-05,0.00389923093509667,0.0204485014015669,5.39064184575577e-05,0,0,0.00749299216560052,0,3.59376123050385e-05,0,1.79688061525192e-05,0,0,CRC
0.0010242219506936,0.00659455185797456,0.00122187881837131,0.00138359807374398,8.98440307625961e-05,0.134604326888522,0.00181484942140444,0.00601955006109394,0.00583986199956875,0.00190469345216704,0.00104219075684612,1.79688061525192e-05,0,0.00291094659670811,0,0.00499532811040035,0.00104219075684612,0.0335657298929059,0.00334219794436858,0,5.39064184575577e-05,0.00434845108890965,0.00129375404298138,0.226514770358657,0.00163516135987925,3.59376123050385e-05,0.00501329691655286,0.00154531732911665,0.0172500539064185,1.79688061525192e-05,0.00388126212894415,0.0602673758355495,0.0153273916480989,0,0.0206641270753971,0.0335297922806009,0.0160820815065047,0.102871415223173,0.0100805002515633,0,0.0013117228491339,0,0.00222813196291238,0.00107812836915115,3.59376123050385e-05,0.00107812836915115,0.0356860490189032,0.00292891540286063,0.00143750449220154,0.0210774096169051,0.0293969668655215,0.00350391719974125,1.79688061525192e-05,0,0.0246532020412564,0,0,0.0055164234888234,3.59376123050385e-05,5.39064184575577e-05,0,CRC
0,0.000125781643067635,1.79688061525192e-05,0.000790627470710846,0,0.00796018112556602,0.00023359447998275,0.0338352619851937,0.00398907496585927,0.000179688061525192,0,0,0,0.00486954646733271,0,0.058452526414145,0,7.18752246100769e-05,0.00817580679939625,0,0,1.79688061525192e-05,0.00154531732911665,0.0566376769927406,1.79688061525192e-05,0.000485157766118019,0.0240602314382232,3.59376123050385e-05,1.79688061525192e-05,1.79688061525192e-05,5.39064184575577e-05,0.0237008553151729,0.00113203478760871,0.00150937971681161,0.0380219938187307,0.52082584633077,0.0191906849708905,0.0347157334866671,0.000503126572270538,0.000539064184575577,0.00869690217781931,0,0.000287500898440308,0.0031804786889959,0.000215625673830231,0.00192266225831956,0.0493962481132754,0.00203047509523467,0.00235391360598002,0.000143750449220154,0.0234672608351901,0.000413282541507942,0,0.00923596636239488,0.0166930209156904,0.0004671889599655,0,0.00391719974124919,0,0,0,Normal
1.79688061525192e-05,3.59376123050385e-05,0,1.79688061525192e-05,0,0.147613742542945,0.00109609717530367,0.0980018687558399,0,1.79688061525192e-05,1.79688061525192e-05,0,0,0.00995471860849565,0,0.00616330051031409,0,0,0.00368360526126644,0,0.000179688061525192,0.0105836268238338,3.59376123050385e-05,0.000557032990728096,1.79688061525192e-05,0,0.000161719255372673,0.00251563286135269,1.79688061525192e-05,7.18752246100769e-05,0.000107812836915115,0.000197656867677711,0.00208438151369223,0,0.000161719255372673,0.000341407316897865,0.00194063106447208,0.0137281679005247,0.236253863293323,0,0.000916409113778481,0.00212031912599727,0.000143750449220154,3.59376123050385e-05,1.79688061525192e-05,0.00948752964853015,0.325900237188241,0.000125781643067635,0,0.000161719255372673,0.000305469704592827,1.79688061525192e-05,0,0,0.00106015956299863,0,0,1.79688061525192e-05,0,0,0,Normal
0.00260547689211529,0.0694134981671818,0.00120391001221879,0.00997268741464817,0.000251563286135269,0.18180838065119,0.0347516710989722,0.127183209947531,0.00150937971681161,0.000628908215338173,0,0,0,0.00862502695320923,0,0.0606806583770574,0.000449220153812981,0.0132070725221016,0.00515704736577302,0.000179688061525192,3.59376123050385e-05,0.0971213972543664,0.000323438510745346,0.0489470279594624,5.39064184575577e-05,5.39064184575577e-05,0.00573204916265363,0.000485157766118019,1.79688061525192e-05,0.000125781643067635,0.00253360166750521,0.0188492776539927,0.00418673183353698,0,7.18752246100769e-05,0.0004671889599655,0.033224322576008,0.117102709695968,0.0183102134694171,1.79688061525192e-05,0.00470782721196004,0.000341407316897865,1.79688061525192e-05,0.000808596276863365,0.00903830949471717,0.000197656867677711,0.044400920002875,0.0052289225903831,0,0.00837346366707396,0.0198555307985337,3.59376123050385e-05,0.000413282541507942,0,0.00452813915043484,0,0,3.59376123050385e-05,0,0,0,Normal
1.79688061525192e-05,0.000682814633795731,0.000179688061525192,0.00830158844246388,0.000161719255372673,0.0819018184431826,0.00201250628908215,0.0596204988140588,0.00141953568604902,0.000161719255372673,0,3.59376123050385e-05,0,0.00754689858405808,0,0.077068209588155,0.000125781643067635,8.98440307625961e-05,0.00822971321785381,0,0.0100086250269532,0.000341407316897865,0.0226047581398692,0.0721986631208223,1.79688061525192e-05,0.00023359447998275,0.0199633436354489,0.000646877021490692,1.79688061525192e-05,8.98440307625961e-05,0.000610939409185654,0.0282110256594552,0.00188672464601452,0,0.0150937971681162,0.021454754546108,0.034607920649752,0.150201250628908,0.0109969093653418,0,0.00361173003665636,0.00600158125494142,0.00294688420901315,0.00585783080572127,0.000287500898440308,0.00557032990728096,0.158790339969812,0.00222813196291238,1.79688061525192e-05,0.0033601667505211,0.0351290160281751,1.79688061525192e-05,0.00253360166750521,0,0.0788291525911018,0.000107812836915115,0.000970315532236038,0.00616330051031409,1.79688061525192e-05,0.000449220153812981,0,Normal
1.79688061525192e-05,0.00905627830086969,0.000592970603033134,0.0024257888305901,7.18752246100769e-05,0.0572845540142313,0.00788830590095594,0.0329907280960253,0.00204844390138719,0.000197656867677711,1.79688061525192e-05,0,0.000575001796880615,0.0032703227197585,0,0.0446165456767052,0,7.18752246100769e-05,0.0135484798389995,0,0.00625314454107669,0.184036512614102,0.0152734852296413,0.182581039315748,5.39064184575577e-05,0.000592970603033134,0.0111406598145619,3.59376123050385e-05,3.59376123050385e-05,0.000125781643067635,0.00219219435060735,0.0293789980593689,0.0031804786889959,0.000377344929202904,0.0135484798389995,0.0123266010206282,0.0177711492848415,0.106123769136779,0.00530079781499317,0,0.00230000718752246,0.00107812836915115,0.00575001796880615,0.0101883130884784,0.000107812836915115,0.00217422554445483,0.02567742399195,0.00362969884280888,0,0.00957737367929275,0.033188384963703,0.00204844390138719,0.00172500539064185,0.000179688061525192,0.076169769280529,0.000521095378423058,0.00246172644289513,0.0118953496729677,5.39064184575577e-05,0,0.000970315532236038,Normal
0.0104758139869187,0.00407891899662186,0.000143750449220154,0.00143750449220154,0.000125781643067635,0.0683174009918781,0.000107812836915115,0.0383813699417811,0.00172500539064185,0.000395313735355423,3.59376123050385e-05,0,0,0.00348594839358873,0,0.0115000359376123,0.000485157766118019,0.001868755839862,0.00704377201178754,0,0.016854740171063,0.038273557104866,0.00851721411629411,0.058865808955653,0.00240782002443758,0.000503126572270538,0.013117228491339,8.98440307625961e-05,1.79688061525192e-05,0.000898440307625961,0.000790627470710846,0.0465032703227198,0.00646877021490692,0.00571408035650111,0.0383993387479336,0.28295479048372,0.0153812980665565,0.0379141809818156,0.00132969165528642,0.00902034068856465,0.0022461007690649,0.00070078343994825,0.000539064184575577,0.0305110328469776,0.000143750449220154,0.00371954287357148,0.0929706030331345,0.00190469345216704,0.00156328613526917,0.00573204916265363,0.0376266800833753,0.000521095378423058,0.001868755839862,0.000107812836915115,0.0133508229713218,0.000215625673830231,0.000179688061525192,0.00181484942140444,0,0.000449220153812981,0,CRC
0.000287500898440308,5.39064184575577e-05,7.18752246100769e-05,0.000539064184575577,0,0.0102961259253935,7.18752246100769e-05,0.0329547904837203,0.00648673902105944,0,0,3.59376123050385e-05,0,0.0107453460792065,0,0.00400704377201179,0.000646877021490692,0.000341407316897865,0.0154891109034716,0,0.000341407316897865,0.463038165744268,0.0050492345288579,0.0418493495292173,0.00118594120606627,7.18752246100769e-05,7.18752246100769e-05,0.0111406598145619,0.00230000718752246,0.000107812836915115,1.79688061525192e-05,0.00495939049809531,0.000880471501473442,0.000287500898440308,0.00578595558111119,0.0184359951124847,0.146463738949184,0.0285704017825056,0.0193524042262632,0,0.000179688061525192,0,1.79688061525192e-05,3.59376123050385e-05,0,0.00161719255372673,0.0390462157694243,0.000880471501473442,8.98440307625961e-05,0.000305469704592827,0.00106015956299863,0,0,0,0.0332961978006181,0,0,0,0,0,0,CRC
0.0242039818874434,3.59376123050385e-05,0.000826565083015884,0.00206641270753971,0.000107812836915115,0.0868791777474305,3.59376123050385e-05,0.0931862287069647,0.0017789118090994,0,0,0.00546251707036585,0,0.00273125853518292,0,0.0279414935671674,0,0.0304750952346726,0.0260547689211529,0,0.000179688061525192,0.0113203478760871,0.000413282541507942,0.192751383598074,0.00136562926759146,0.00912815352547977,0.00490548407963775,0.000359376123050385,0,0.000125781643067635,0.0130992596851865,0.0276000862502695,0.0312657227053835,0,7.18752246100769e-05,0.00174297419679436,0.0830697908430964,0.128027743836699,0.00930784158700496,0,0.00503126572270538,5.39064184575577e-05,0.00343204197513117,0.000179688061525192,7.18752246100769e-05,0.0110867533961044,0.0703838136994178,0.00179688061525192,0,0.00145547329835406,0.020107094084669,0,0,1.79688061525192e-05,0.0217961618630058,0,0,0,0,0,0,CRC
0,0.0192086537770431,0.00154531732911665,0.000610939409185654,0.000988284338388557,0.223028821965069,0.00231797599367498,0.00715158484870265,0.00619923812261913,0,0,5.39064184575577e-05,0,0.00497735930424783,0,0.00824768202400633,3.59376123050385e-05,0.0110687845899518,0.000628908215338173,0,0,0.00278516495364048,0.00023359447998275,0.0660173938043556,0.000179688061525192,0.00371954287357148,0.0526665708330339,0.000161719255372673,1.79688061525192e-05,0,0.00269532092287788,0.105440954502983,0.012182850571408,0.016369582404945,0.000592970603033134,0.000485157766118019,0.00853518292244663,0.0347157334866671,0.000161719255372673,0.000575001796880615,0.0031804786889959,5.39064184575577e-05,0.00138359807374398,0.133777761805506,0.000395313735355423,5.39064184575577e-05,0.0410946596708115,0.00136562926759146,0,0.027546179831812,0.105153453604543,0.00806799396248113,0.000143750449220154,3.59376123050385e-05,0.0335836986990584,0.000413282541507942,0.000682814633795731,0.0073851793286854,0,0,0.000485157766118019,CRC
1.79688061525192e-05,5.39064184575577e-05,0.0014914109106591,0.000323438510745346,0.000125781643067635,0.105440954502983,3.59376123050385e-05,0.0777150866096457,3.59376123050385e-05,0.00255157047365773,0,0,0,0.00767268022712571,0,0.043017321929131,0.00213828793214979,1.79688061525192e-05,0.0569072090850284,0,0.0024257888305901,0.0194242794508733,3.59376123050385e-05,0.12838711995975,5.39064184575577e-05,0,7.18752246100769e-05,5.39064184575577e-05,0,0,0.00183281822755696,0.0582728383526199,0.0460181125566017,0.000575001796880615,0.0222992884352764,0.0996549989218716,0.00023359447998275,0.101793286854021,0.0134047293897793,1.79688061525192e-05,0.00231797599367498,0.000197656867677711,0.00616330051031409,0.00145547329835406,5.39064184575577e-05,0.0155250485157766,0.0816502551570474,0.00159922374757421,0.00113203478760871,0.0106914396607489,0.0338891684036513,0,0.000161719255372673,0.00267735211672536,0.0143391073097103,3.59376123050385e-05,0.000125781643067635,0,0,0.00400704377201179,0,CRC
0.0024257888305901,0.0184000575001797,0.000610939409185654,0.00210235031984475,0.000143750449220154,0.0858190181844318,0.00506720333501042,0.0982174944296701,0.0004671889599655,0,1.79688061525192e-05,0,0.000305469704592827,0.0499532811040034,0,0.0689103715949112,0.000682814633795731,1.79688061525192e-05,0.0205383454323295,0,1.79688061525192e-05,0.000197656867677711,0.000161719255372673,0.0610580033062603,3.59376123050385e-05,0.000323438510745346,0.0129195716236613,0.0307625961331129,1.79688061525192e-05,5.39064184575577e-05,0.00154531732911665,0.0710666283332135,0.0045820455688924,0,0.0637712930352907,0.00379141809818156,0.0104937827930712,0.0887299647811399,0.0556673614605046,0,0.000664845827643211,0,0.00332422913821606,0.0249946093581542,0.00379141809818156,0.00388126212894415,0.0408610651908287,0.00573204916265363,0,0.00296485301516567,0.0568892402788759,0.000143750449220154,0.000377344929202904,0,0.0516243800761877,0.000215625673830231,0.000305469704592827,0.00152734852296413,1.79688061525192e-05,7.18752246100769e-05,0,Normal
1.79688061525192e-05,3.59376123050385e-05,0.00213828793214979,0,0.000413282541507942,0.171063034571983,0,0.104111262847696,0.00240782002443758,0.000179688061525192,0,0,0,0.00454610795658736,0,0.0125242578883059,0.00167109897218429,0.00116797239991375,0.029414935671674,0.000161719255372673,3.59376123050385e-05,0.000161719255372673,3.59376123050385e-05,0.0288938402932509,0,0,8.98440307625961e-05,7.18752246100769e-05,0,0.000251563286135269,0.00210235031984475,0.0210414720046,0.0446165456767052,0.00188672464601452,0.0423884137137929,0.117785524329764,0.000844533889168404,0.0254438295119672,0.0123625386329332,0,3.59376123050385e-05,0,0.00283907137209804,0.000539064184575577,3.59376123050385e-05,0.000107812836915115,0.0371235535111047,0.00111406598145619,1.79688061525192e-05,0.0122726946021706,0.00170703658448933,1.79688061525192e-05,0,1.79688061525192e-05,0.000736721052253288,1.79688061525192e-05,1.79688061525192e-05,0,0,1.79688061525192e-05,0,CRC
0,0.000143750449220154,0.00429454467045209,0,0.0146805146266082,0.407658305182204,0.0032703227197585,0.0240242938259182,0.000808596276863365,0.00397110615970675,0,0,0,0.0147523898512183,0,0.00125781643067635,0.00282110256594552,0.000125781643067635,0.00190469345216704,0,0.000898440307625961,0.00585783080572127,0.00240782002443758,0.0038273557104866,0.000359376123050385,0,0.000143750449220154,0.000305469704592827,3.59376123050385e-05,0.000664845827643211,0.00379141809818156,0.0287860274563358,0.0297383741824193,0.000952346726083519,0.176597426866959,0.00542657945806081,0.00163516135987925,0.0410227844462014,0.00413282541507942,0,0.0190109969093653,3.59376123050385e-05,0,0.000826565083015884,0.00023359447998275,0.000287500898440308,0.00781643067634586,0.00122187881837131,0.002803133759793,0.0511931287285273,0.0663048947027959,0,8.98440307625961e-05,1.79688061525192e-05,0.00314454107669086,0,0,0,0,1.79688061525192e-05,3.59376123050385e-05,CRC
1.79688061525192e-05,0.0192805290016531,0,0.00213828793214979,0.000682814633795731,0.1522856321426,0.000359376123050385,0.0581829943218573,0.00422266944584202,0.00244375763674261,0,0,0,0.0122547257960181,0,0.0418313807230648,0,0.0131531661036441,0.0150219219435061,0,5.39064184575577e-05,0.00600158125494142,0.00429454467045209,0.0517860993315604,0.000341407316897865,0.00427657586429958,0.0139258247682024,8.98440307625961e-05,8.98440307625961e-05,7.18752246100769e-05,0.00312657227053835,0.0281571192409976,0.0351290160281751,0.00424063825199454,0.033224322576008,0.148709839718249,0.0537626680083375,0.10249407029397,0.00296485301516567,0.00440235750736721,0.0092539351685474,0,0.000862502695320923,0.000449220153812981,0,0.000844533889168404,0.086897146553583,0.00359376123050385,0.000754689858405807,0.00206641270753971,0.0113383166822396,0.000161719255372673,1.79688061525192e-05,0.00389923093509667,0.0134406670020844,0,0.0023359447998275,0,0,0.000880471501473442,0,CRC
1.79688061525192e-05,0.0637712930352907,0,0.000628908215338173,0.000359376123050385,0.142492632789477,0.00402501257816431,0.0140875440235751,0.0014914109106591,0,0,0.000431251347660461,0,0.000862502695320923,0,0.0134586358082369,0.000107812836915115,1.79688061525192e-05,0.0141773880543377,0,0,0.000125781643067635,0.000988284338388557,0.0608064400201251,0,0.00159922374757421,0.00440235750736721,0.000161719255372673,0.00819377560554877,1.79688061525192e-05,0,0.0730431970099907,0.00990081219003809,0,0.0396212175663049,0.298443901387192,0.00167109897218429,0.119276935240423,0.00100625314454108,0,0.0115539423560699,0,0.000287500898440308,0.000754689858405807,0.00141953568604902,0.0023359447998275,0.0322360382376195,0.0022461007690649,1.79688061525192e-05,0.00278516495364048,0.0312657227053835,0,0,1.79688061525192e-05,0.0022461007690649,0,0.000988284338388557,0,0,3.59376123050385e-05,0,Normal
5.39064184575577e-05,0.000251563286135269,0.0101703442823259,0.000664845827643211,1.79688061525192e-05,0.166624739452311,0.000215625673830231,0.0130273844605764,0.000431251347660461,0.000305469704592827,0.000377344929202904,0,0,0.00503126572270538,0,0.0207899087184647,0.000251563286135269,0.00398907496585927,0.00391719974124919,0,0.000125781643067635,0.000503126572270538,0.00706174081794006,0.0670236469488967,0.000628908215338173,0.000377344929202904,0.00185078703370948,3.59376123050385e-05,1.79688061525192e-05,0.00321641630130094,0.00402501257816431,0.0763314885359017,0.0272227413210666,0.00763674261482067,0.00389923093509667,0.196974053043916,0.00932581039315748,0.0533134478545245,0.000754689858405807,0,0.000485157766118019,0.00425860705814706,0.000539064184575577,0.00125781643067635,3.59376123050385e-05,0.00023359447998275,0.0178250557032991,0.00675627111334723,3.59376123050385e-05,0.0441852943290448,0.078972903040322,0.00145547329835406,0.00213828793214979,0,0.0137820743189822,0,0.00104219075684612,1.79688061525192e-05,0,0,0,CRC
5.39064184575577e-05,0.042496226550708,1.79688061525192e-05,0.000646877021490692,0,0.0583626823833824,0.000844533889168404,0.061183784949328,0.00440235750736721,0.0010242219506936,1.79688061525192e-05,0,0,0.00368360526126644,0,0.03737511679724,8.98440307625961e-05,0.0148602026881334,0.00643283260260188,0,3.59376123050385e-05,0.000197656867677711,7.18752246100769e-05,0.0978940559189247,1.79688061525192e-05,0.00603751886724646,0.0297563429885718,0.0004671889599655,1.79688061525192e-05,3.59376123050385e-05,0.000934377919931,0.0429634155106735,0.00253360166750521,1.79688061525192e-05,0.00621720692877165,0.237835118234744,0.0100984690577158,0.0632142600445626,0.000251563286135269,1.79688061525192e-05,0.00249766405520017,0.000179688061525192,0.00165313016603177,0.0383993387479336,0.00355782361819881,0.00181484942140444,0.0436641989506217,0.00230000718752246,0,0.0133508229713218,0.0574283044634515,0,0.000503126572270538,1.79688061525192e-05,0.0485157766118019,0.000557032990728096,0,0.00549845468267088,0,0,0.000143750449220154,CRC
1.79688061525192e-05,1.79688061525192e-05,0.0004671889599655,0.00876877740242938,3.59376123050385e-05,0.0117336304175951,0.007475023359448,0.19585998706246,0.000359376123050385,0,0,1.79688061525192e-05,0,0.004671889599655,0,0.136922302882197,7.18752246100769e-05,3.59376123050385e-05,0.0305290016531302,0,0.000107812836915115,0.000539064184575577,8.98440307625961e-05,0.091604973765543,0,0.000395313735355423,0.00531876662114569,0.000143750449220154,3.59376123050385e-05,0.000143750449220154,0.00023359447998275,0.0153812980665565,5.39064184575577e-05,0,0.00456407676273988,0.000143750449220154,0.0447063897074678,0.110867533961044,0.0311579098684683,0,0.00454610795658736,1.79688061525192e-05,0.000107812836915115,0.00100625314454108,0.000449220153812981,0.0417954431107597,0.19408107525336,0.00429454467045209,0,0.00159922374757421,0.0265938331057285,1.79688061525192e-05,0,0,0.00456407676273988,0,0,0,0,0,0,Normal
0.00197656867677711,0.00167109897218429,5.39064184575577e-05,0.00711564723639761,3.59376123050385e-05,0.00461798318119744,0.00120391001221879,0.191978724933515,0.000898440307625961,0,0,1.79688061525192e-05,0,0.0073851793286854,0,0.189858405807518,0,0.0188313088478402,0.0427118522245382,0,0.000269532092287788,3.59376123050385e-05,0.000251563286135269,0.0197836555739237,1.79688061525192e-05,0.00212031912599727,0.0511751599223748,8.98440307625961e-05,0.0024257888305901,0.000287500898440308,0.000107812836915115,0.0270250844533889,0.000521095378423058,0,3.59376123050385e-05,0.0191008409401279,0.034158700495939,0.060321282254007,0.0274024293825918,0,0.000772658664558327,3.59376123050385e-05,0,0.00185078703370948,8.98440307625961e-05,0.0152734852296413,0.143498885934019,0.00826565083015884,0,0.000251563286135269,0.0633759792999353,1.79688061525192e-05,0,0,0.0101703442823259,0,0,0,0,0,0,Normal
1.79688061525192e-05,0.00251563286135269,1.79688061525192e-05,0.00210235031984475,0,0.0010242219506936,0.00122187881837131,0.405915330985409,0.014464888952778,0,0,0,0,0.00228203838136994,0,0.192949040465751,0,5.39064184575577e-05,0.0379501185941206,0,0.00756486739021059,0.000179688061525192,0.000107812836915115,0.0321102565945519,1.79688061525192e-05,0.000287500898440308,0.00740314813483792,0.00427657586429958,3.59376123050385e-05,0.000413282541507942,0,0.00663048947027959,3.59376123050385e-05,0,0.000161719255372673,0.000395313735355423,0.0055164234888234,0.0533673542729821,0.00896643427010709,0,1.79688061525192e-05,0.000251563286135269,0,0.000521095378423058,0.00204844390138719,0.0296485301516567,0.052846258894559,0.00465392079350248,0,3.59376123050385e-05,0.0442571695536549,0,0,0,0.0173938043556386,0,3.59376123050385e-05,0.00172500539064185,0,3.59376123050385e-05,0,CRC
3.59376123050385e-05,0.000107812836915115,0.000610939409185654,0.00312657227053835,1.79688061525192e-05,0.00434845108890965,0.000557032990728096,0.231581973693668,0.00129375404298138,0,0,1.79688061525192e-05,0,0.0010242219506936,0,0.0918205994393732,0.000682814633795731,0.00722346007331273,0.0513548479838999,0,0,0.000143750449220154,0.000664845827643211,0.0730072593976856,0,0.000359376123050385,0.00945159203622511,0.016369582404945,0.00253360166750521,0.000413282541507942,1.79688061525192e-05,0.0170523970387407,0.000161719255372673,1.79688061525192e-05,0.00659455185797456,0.00264141450442033,0.0870588658089557,0.100230000718752,0.0197477179616186,3.59376123050385e-05,0.000880471501473442,0,1.79688061525192e-05,0.000143750449220154,0.00115000359376123,0.0943542011068785,0.0687127147272335,0.00528282900884065,0,0.000125781643067635,0.0507079709624093,0.000107812836915115,0,1.79688061525192e-05,0.0104039387623086,0,0,0,0,0,0,CRC
1.79688061525192e-05,0.143121541004816,0.00300079062747071,0.000449220153812981,7.18752246100769e-05,0.128405088765902,0.00138359807374398,0.0388305900955941,0.000323438510745346,0.000395313735355423,0,0.000359376123050385,0,0.00447423273197729,0,0.0364946452957665,0.000736721052253288,0.00817580679939625,0.00517501617192554,1.79688061525192e-05,1.79688061525192e-05,0.000970315532236038,0.000754689858405807,0.0174477107740962,1.79688061525192e-05,0.000143750449220154,0.0202508445338892,0.000521095378423058,0,0.000449220153812981,0.00222813196291238,0.026198519370373,0.00711564723639761,1.79688061525192e-05,0.00292891540286063,0.000575001796880615,0.00174297419679436,0.0550564220513189,0.019172716164738,0,0.00510314094731546,0.00183281822755696,0.00812190038093869,0.137694961546755,0.00070078343994825,0.00217422554445483,0.0178789621217566,0.0105836268238338,0,0.0181305254078919,0.0581290879033997,0,0.00221016315675986,1.79688061525192e-05,0.0440415438798246,0.000377344929202904,0.00192266225831956,0.0010242219506936,0,0.000143750449220154,0.000521095378423058,CRC
1.79688061525192e-05,0.00930784158700496,0.00256953927981025,0.00345001078128369,0.000161719255372673,0.0228383526198519,0.00729533529792281,0.0664666139581686,0.00141953568604902,0.000161719255372673,0,0.00185078703370948,0,0.0146086394019981,0,0.141540286063394,0.000449220153812981,0.0675806799396248,0.010727377273054,0,0.0013117228491339,0.00172500539064185,8.98440307625961e-05,0.0746603895637174,0,0.00125781643067635,0.0119133184791202,0.000179688061525192,1.79688061525192e-05,5.39064184575577e-05,0.000125781643067635,0.0340508876590239,0.00219219435060735,0,0.00247969524904765,0.000431251347660461,0.0389563717386617,0.115467548336089,0.00330626033206354,1.79688061525192e-05,0.000916409113778481,0,0,0.0486595270610221,0.00578595558111119,0.00479767124272263,0.0314274419607561,0.0115719111622224,0,0.00436641989506217,0.0604830015093797,0,1.79688061525192e-05,0,0.050492345288579,0.000988284338388557,0.000539064184575577,0.00197656867677711,3.59376123050385e-05,0.000628908215338173,0,CRC
0.00515704736577302,7.18752246100769e-05,0,1.79688061525192e-05,8.98440307625961e-05,0.13595198734996,0.00070078343994825,0.0642025443829512,0.000736721052253288,0.000934377919931,0,0,0,0.00812190038093869,0,0.00116797239991375,0.000251563286135269,0.000179688061525192,0.0333680730252282,0,0.000395313735355423,0.000179688061525192,0.000754689858405807,0.140408251275785,0,0.0175734924171638,5.39064184575577e-05,0.000557032990728096,0.02339538561058,0,0,0.00973909293466542,0.025264141450442,0.0371415223172572,0.00627111334722921,0.191188097462805,0.000736721052253288,0.0821174441170129,0.120031625098828,0,0.00168906777833681,1.79688061525192e-05,0,1.79688061525192e-05,0,3.59376123050385e-05,0.0416696614676921,0.000161719255372673,0,0.00456407676273988,0.00343204197513117,0,0,1.79688061525192e-05,0.00183281822755696,0,0,0,0.000143750449220154,0,0,Normal
0,0.000107812836915115,0.00023359447998275,0.00136562926759146,8.98440307625961e-05,0.0285344641702005,0.000934377919931,0.169391935599799,0.000754689858405807,5.39064184575577e-05,0,5.39064184575577e-05,0,0.0186695895924675,0,0.0471860849565155,3.59376123050385e-05,5.39064184575577e-05,0.00684611514410983,0,0.000107812836915115,0.0109070653345792,5.39064184575577e-05,0.1169769280529,1.79688061525192e-05,0.006540645439517,0.0374469920218501,8.98440307625961e-05,8.98440307625961e-05,8.98440307625961e-05,0.00023359447998275,0.0396751239847625,0.00168906777833681,0.00249766405520017,0.003737511679724,0.000287500898440308,0.0408430963846762,0.193326385394954,0.107794868108963,0,0.000754689858405807,1.79688061525192e-05,0.000664845827643211,0.00639689499029684,0.000161719255372673,3.59376123050385e-05,0.0647236397613743,0.00226406957521742,0,0.00345001078128369,0.0427657586429958,0.000898440307625961,3.59376123050385e-05,0,0.006540645439517,0,1.79688061525192e-05,0.000143750449220154,0,0.000646877021490692,0,Normal
0,5.39064184575577e-05,0,1.79688061525192e-05,0,0.0010242219506936,0.00567814274419608,0.0690541220441314,0.000359376123050385,1.79688061525192e-05,0,0,0,0.000952346726083519,0,0.0680478688995903,0,0.00707970962409258,0.02332351038597,0,0.0017789118090994,0.00106015956299863,0.00267735211672536,0.000610939409185654,0,0.00479767124272263,3.59376123050385e-05,1.79688061525192e-05,1.79688061525192e-05,0,3.59376123050385e-05,0.00206641270753971,3.59376123050385e-05,7.18752246100769e-05,0.000125781643067635,0.000359376123050385,0.00143750449220154,0.0393696542801696,0.0155430173219291,1.79688061525192e-05,0.000664845827643211,0,0,0.000107812836915115,1.79688061525192e-05,0.00734924171638036,0.0296844677639618,0.000610939409185654,1.79688061525192e-05,7.18752246100769e-05,0.0101523754761734,1.79688061525192e-05,0,1.79688061525192e-05,0.000251563286135269,0,0,0,0,0,1.79688061525192e-05,Normal
1.79688061525192e-05,0.000664845827643211,0,0,1.79688061525192e-05,0.219039746999209,8.98440307625961e-05,0.0760619564436139,0.00265938331057285,0.000269532092287788,0,1.79688061525192e-05,0,0.00427657586429958,0,0.0426579458060806,0,0.00269532092287788,0.00238985121828506,0,1.79688061525192e-05,0.000179688061525192,7.18752246100769e-05,0.214421763818012,1.79688061525192e-05,0.000305469704592827,0.00199453748292963,0.00023359447998275,1.79688061525192e-05,1.79688061525192e-05,0.0004671889599655,0.0136562926759146,3.59376123050385e-05,0,0.0234492920290376,0.000251563286135269,0.0765291454035794,0.219506935959175,0.0133508229713218,1.79688061525192e-05,0.00950549845468267,3.59376123050385e-05,0.00127578523682887,0.000269532092287788,0.000395313735355423,0.00215625673830231,0.0292352476101488,0.00116797239991375,0,0.0126859771436786,0.00824768202400633,0,0,0,0.00463595198734996,0,0,1.79688061525192e-05,0,0.000988284338388557,0,Normal
1.79688061525192e-05,0.0119672248975778,0.000664845827643211,0.00627111334722921,3.59376123050385e-05,0.0794041543879825,0.0135125422266945,0.143373104290951,0.00165313016603177,0.000287500898440308,0,8.98440307625961e-05,0,0.0055164234888234,0,0.0820994753108603,0.000485157766118019,0,0.0128656652052038,0,1.79688061525192e-05,7.18752246100769e-05,0.000251563286135269,0.104075325235391,0,3.59376123050385e-05,0.00943362323007259,5.39064184575577e-05,0,0,0.000646877021490692,0.0474017106303457,0.00769064903327823,1.79688061525192e-05,0.0167289585279954,0.000287500898440308,0.00871487098397183,0.185042765758643,0.0265039890749659,0,0.00161719255372673,0.000808596276863365,0.00246172644289513,0.0132789477467117,0.00237188241213254,0.00670236469488967,0.0665744267950837,0.00323438510745346,0,0.00745705455329548,0.0711205347516711,0,1.79688061525192e-05,1.79688061525192e-05,0.0267016459426436,0.000970315532236038,0.000287500898440308,0.00751096097175304,0,0,0,Normal
0.00249766405520017,0.00023359447998275,1.79688061525192e-05,3.59376123050385e-05,0,0.593276072737727,3.59376123050385e-05,0.0972471788974341,0.00210235031984475,0.000628908215338173,0,0,0,0.0254977359304248,0,0.0777869618342557,0.000916409113778481,5.39064184575577e-05,0.0159562998634371,1.79688061525192e-05,0,0.000808596276863365,0.000610939409185654,0.000251563286135269,8.98440307625961e-05,1.79688061525192e-05,3.59376123050385e-05,0,1.79688061525192e-05,8.98440307625961e-05,0.00362969884280888,0.00959534248544527,0.0116797239991375,0,0.0218500682814634,0.000413282541507942,0.000107812836915115,0.0284086825271329,0.00291094659670811,0,0,1.79688061525192e-05,0.00192266225831956,7.18752246100769e-05,0.00158125494142169,0.000413282541507942,0.0671134909796593,0.000305469704592827,0,0.00749299216560052,0.00120391001221879,0,0,0,0.00206641270753971,0,0,0,0,0,0,Normal
1.79688061525192e-05,0.00179688061525192,0.00116797239991375,0.000161719255372673,0,0.0306547832961978,0.000323438510745346,0.0300258750808596,0.00070078343994825,0,3.59376123050385e-05,0,0,0.00145547329835406,0,0.048551714224107,0,0.0164234888234026,0.0181305254078919,1.79688061525192e-05,0.000179688061525192,0.000610939409185654,0.0056961115503486,0.0206461582692446,0.00183281822755696,1.79688061525192e-05,0.00517501617192554,0.000287500898440308,0.0124164450513908,0.000988284338388557,0.00258750808596277,0.126141019190685,0.00659455185797456,1.79688061525192e-05,0.00330626033206354,0.293376698052181,0.0271508660964566,0.0274383669948969,0.00997268741464817,0,0.00210235031984475,0,1.79688061525192e-05,0.00379141809818156,0.000107812836915115,0.00402501257816431,0.049036871990225,0.00684611514410983,0,0.00143750449220154,0.0719111622223819,0.000305469704592827,0.00307266585208079,0,0.0163156759864875,0,0,3.59376123050385e-05,0,0,0,CRC
0.000592970603033134,0.00661252066412708,0.000539064184575577,0.000646877021490692,0.000125781643067635,0.20784518076619,0.000485157766118019,0.0470962409257529,0.000844533889168404,0.00167109897218429,0.00206641270753971,0.000610939409185654,0,0.00603751886724646,0,0.0329008840652627,0.000916409113778481,0.000341407316897865,0.0212570976784302,0,0,0.0103320635376986,0.000143750449220154,0.055613455042047,0.000575001796880615,1.79688061525192e-05,0.0119672248975778,1.79688061525192e-05,0.00118594120606627,0.000125781643067635,0.00945159203622511,0.0456227988212463,0.00639689499029684,0.00122187881837131,0.00555236110112844,0.000341407316897865,0.0115000359376123,0.0480485876518364,0.00287500898440308,5.39064184575577e-05,0.00352188600589377,0.00159922374757421,0.00643283260260188,0.0190469345216704,0.0010242219506936,0.00116797239991375,0.113760511751599,0.00413282541507942,0,0.0110148781714943,0.0400884065262704,0.0102062818946309,0.00134766046143894,0.0988464026450083,0.0308524401638755,0.000143750449220154,0.000449220153812981,0.00359376123050385,0,0.00488751527348523,0.000107812836915115,CRC
1.79688061525192e-05,0.00431251347660461,0,0.00357579242435133,7.18752246100769e-05,0.0332782289944656,0.00258750808596277,0.15927549773593,0.00472579601811256,1.79688061525192e-05,1.79688061525192e-05,1.79688061525192e-05,0,0.00409688780277438,0,0.0953963918637246,0.000628908215338173,5.39064184575577e-05,0.0474735858549558,0,3.59376123050385e-05,0.000197656867677711,3.59376123050385e-05,0.193380291813412,1.79688061525192e-05,3.59376123050385e-05,0.00379141809818156,5.39064184575577e-05,0,0.000179688061525192,0.000287500898440308,0.0854955796736865,0.00213828793214979,1.79688061525192e-05,0.0313016603176885,0.000323438510745346,0.0083195572486164,0.0365844893265291,0.00141953568604902,0,0.00573204916265363,0.000125781643067635,0.000970315532236038,0.0156867677711493,0.00188672464601452,0.00646877021490692,0.0451376410551283,0.0104219075684612,0,0.0248867965212391,0.0787752461726443,1.79688061525192e-05,0.000431251347660461,0,0.0472759289872781,0.00141953568604902,0,0.00562423632573852,0,0.000808596276863365,0,Normal
3.59376123050385e-05,5.39064184575577e-05,0.000179688061525192,0.00612736289800906,1.79688061525192e-05,0.0326852583914325,0.00492345288579027,0.189948249838281,0.000107812836915115,0,0,1.79688061525192e-05,0,0.00132969165528642,0,0.11226910084094,0.000125781643067635,0.0115719111622224,0.0787393085603393,0,5.39064184575577e-05,0.00244375763674261,0.000125781643067635,0.0498993746855459,5.39064184575577e-05,0.000628908215338173,0.0050492345288579,0.000179688061525192,0,0.000179688061525192,0.000251563286135269,0.00641486379644936,0.000269532092287788,0,1.79688061525192e-05,0.000161719255372673,0.00183281822755696,0.145205922518508,0.0252461726442895,0,0.00147344210450658,0,0,0.000107812836915115,1.79688061525192e-05,0.0234852296413426,0.194027168834903,0.0108172213038166,0,0.000754689858405807,0.0378782433695105,0,0,0,0.0014914109106591,0,1.79688061525192e-05,0,0,0,0,Normal
0.000970315532236038,0.00240782002443758,0.000521095378423058,0.00388126212894415,8.98440307625961e-05,0.0137641055128297,0.0291633723855387,0.156508301588442,0.000431251347660461,0,1.79688061525192e-05,8.98440307625961e-05,0,0.00429454467045209,3.59376123050385e-05,0.0599798749371092,0,0.0139617623805074,0.0340688564651765,1.79688061525192e-05,0.000503126572270538,8.98440307625961e-05,8.98440307625961e-05,0.0360633939481061,1.79688061525192e-05,0.000449220153812981,0.00276719614748796,0.00104219075684612,0.0013117228491339,3.59376123050385e-05,0.000413282541507942,0.0176813052540789,0.00023359447998275,0,7.18752246100769e-05,0.000197656867677711,0.0833932293538417,0.242848415151297,0.0519657873930856,3.59376123050385e-05,0.000323438510745346,0.0013117228491339,0.000503126572270538,0.00247969524904765,0.000970315532236038,0.0194422482570258,0.0539962624883203,0.0122547257960181,0,0.00161719255372673,0.0692877165241141,8.98440307625961e-05,0,1.79688061525192e-05,0.00526486020268813,0,0,1.79688061525192e-05,1.79688061525192e-05,0,0,Normal
0.00882268382088694,8.98440307625961e-05,0.000682814633795731,0.00614533170416158,0.000143750449220154,0.0670775533673543,0.00118594120606627,0.0548228275713362,0.00267735211672536,0.00970315532236038,0,0.000107812836915115,0,0.0132609789405592,1.79688061525192e-05,0.0311579098684683,0.000395313735355423,0,0.0169625530079782,0,0.00770861783943075,0.0172500539064185,0.00141953568604902,0.157640336376051,5.39064184575577e-05,0.00510314094731546,0.0176094300294688,5.39064184575577e-05,0.00255157047365773,5.39064184575577e-05,0.00256953927981025,0.0724861640192626,0.00939768561776756,1.79688061525192e-05,0.00573204916265363,0.0246532020412564,0.00618126931646661,0.0885862143319198,0.00866096456551427,1.79688061525192e-05,0.00528282900884065,1.79688061525192e-05,0.0124523826636958,0.0417055990799971,0.00136562926759146,0.00296485301516567,0.0518579745561705,0.00436641989506217,0.00265938331057285,0.0305469704592827,0.0848127650398908,0,0.00023359447998275,0.000377344929202904,0.0224789764968016,0.0056961115503486,0.00521095378423058,0.00954143606698771,0,0.00296485301516567,0.000287500898440308,CRC
0,0.00120391001221879,0.000179688061525192,1.79688061525192e-05,0,0.0131531661036441,5.39064184575577e-05,0.369833968231151,0.00235391360598002,3.59376123050385e-05,1.79688061525192e-05,1.79688061525192e-05,0,0.0394055918924747,0,0.142959821749443,0.00023359447998275,0,0.0320383813699418,0,0,0.000736721052253288,0.0291454035793862,0.0139437935743549,1.79688061525192e-05,1.79688061525192e-05,0.000431251347660461,0.000323438510745346,0,7.18752246100769e-05,0.000143750449220154,0.00549845468267088,0.000557032990728096,0,0.000503126572270538,0.00587579961187379,0.00150937971681161,0.0251383598073744,0.111496442176382,0,5.39064184575577e-05,1.79688061525192e-05,1.79688061525192e-05,0.000862502695320923,0.000934377919931,0.105440954502983,0.0125422266944584,0.00601955006109394,0,0.0004671889599655,0.0417774743046072,3.59376123050385e-05,1.79688061525192e-05,0,0.00716955365485517,0,0.000125781643067635,0.000592970603033134,0,0.000107812836915115,0,Normal
1.79688061525192e-05,0.000107812836915115,7.18752246100769e-05,0.00113203478760871,3.59376123050385e-05,0.00725939768561777,0.0169625530079782,0.20107094084669,0.000790627470710846,7.18752246100769e-05,0.0225688205275641,0.000197656867677711,0,0.000844533889168404,0,0.0346797958743621,8.98440307625961e-05,0.00416876302738446,0.0375368360526127,0,0.00454610795658736,0.0024257888305901,0.000143750449220154,0.0534751671098972,1.79688061525192e-05,5.39064184575577e-05,0.000305469704592827,0.000557032990728096,0.00533673542729821,0.000413282541507942,7.18752246100769e-05,0.0170883346510458,0.000197656867677711,0,0.000107812836915115,0.00156328613526917,0.0120211313160354,0.0676884927765399,0.327715086609646,0.000251563286135269,1.79688061525192e-05,1.79688061525192e-05,0,0.000754689858405807,0.00107812836915115,5.39064184575577e-05,0.0226766333644793,0.00346797958743621,3.59376123050385e-05,0.000970315532236038,0.0173938043556386,3.59376123050385e-05,3.59376123050385e-05,0,0.0910479407748149,0,0,0.00571408035650111,5.39064184575577e-05,0,0,Normal
0,0.185905268453964,1.79688061525192e-05,0,0.00828361963631136,0.420631783224323,3.59376123050385e-05,0.00539064184575577,0.000251563286135269,0.0113203478760871,0,0,0,0.0255516423488823,0,0.00260547689211529,0.000125781643067635,5.39064184575577e-05,0.00348594839358873,0.000161719255372673,0.000970315532236038,0.000557032990728096,0.00183281822755696,0.00352188600589377,1.79688061525192e-05,1.79688061525192e-05,0.00070078343994825,0.000503126572270538,3.59376123050385e-05,0.000197656867677711,0,0.0345899518435995,0.0634298857183929,0.00120391001221879,0.0210414720046,0.00716955365485517,0.000341407316897865,0.0176273988356214,0.000790627470710846,3.59376123050385e-05,0,0,0.00857112053475167,0.00799611873787106,0.000557032990728096,3.59376123050385e-05,0.014500826565083,0.00287500898440308,0,0.0349672967728024,0.0172141162941134,0,0,1.79688061525192e-05,0.0346438582620571,0,0.00867893337166679,0.000305469704592827,3.59376123050385e-05,0,0,CRC
0.0152016100050313,0.000125781643067635,0.000269532092287788,0.00319844749514842,0.00213828793214979,0.00673830230719471,0.00132969165528642,0.0333501042190757,0.00564220513189104,8.98440307625961e-05,0,0,0,0.007475023359448,0,0.00672033350104219,0.000197656867677711,0.0208258463307698,0.00907424710702221,0,0.000377344929202904,0.00276719614748796,0.00158125494142169,0.095342485445267,3.59376123050385e-05,0.0131531661036441,0.00857112053475167,0.000107812836915115,1.79688061525192e-05,0.000736721052253288,0.000107812836915115,0.108639401998131,0.00585783080572127,0.000575001796880615,8.98440307625961e-05,0.00535470423345073,0.0371415223172572,0.0632861352691727,0.000628908215338173,0,3.59376123050385e-05,0.000718752246100769,8.98440307625961e-05,0.0307266585208079,0.000449220153812981,0.000862502695320923,0.0985049953281104,0.00424063825199454,0,0.00330626033206354,0.0558650183281823,0.000934377919931,0,1.79688061525192e-05,0.120786314957234,0.000323438510745346,0.00023359447998275,0.00194063106447208,5.39064184575577e-05,0,0,CRC
0,0.0813986918709121,0.000161719255372673,0.00106015956299863,0.000557032990728096,0.177998993746855,0.00609142528570402,0.00706174081794006,0.000305469704592827,0.0010242219506936,0,0.000107812836915115,0,0.0188672464601452,0,0.00274922734133544,0.000125781643067635,0.00215625673830231,0.00192266225831956,0,0,0.213918637245741,0.00109609717530367,0.0516243800761877,3.59376123050385e-05,1.79688061525192e-05,0.00258750808596277,5.39064184575577e-05,1.79688061525192e-05,0,0.000736721052253288,0.0632861352691727,0.0154531732911665,0.00143750449220154,1.79688061525192e-05,0.0088765902393445,0.000521095378423058,0.0605548767339898,0.000359376123050385,1.79688061525192e-05,0.000754689858405807,7.18752246100769e-05,0.00163516135987925,0.0228563214260045,7.18752246100769e-05,0.00134766046143894,0.0101523754761734,0.000287500898440308,0.000449220153812981,0.0218860058937684,0.049971249910156,0.000179688061525192,0,0,0.0484618701933444,0.00256953927981025,1.79688061525192e-05,0.000125781643067635,0.000143750449220154,0,0.000988284338388557,CRC
0,5.39064184575577e-05,0.00107812836915115,0,8.98440307625961e-05,0.251419535686049,0.000862502695320923,0.0323258822683821,0.00316250988284338,0,0.000557032990728096,0,0,0.0013117228491339,0,0.00366563645511392,0,0.0017789118090994,0.0220656939552936,0,0.000161719255372673,0.00366563645511392,0.0264321138503558,0.0482462445195141,0.12809961906131,8.98440307625961e-05,8.98440307625961e-05,3.59376123050385e-05,0.00930784158700496,0.000161719255372673,0.0014914109106591,0.0236649177028678,0.0114640983253073,0.000125781643067635,0.0208797527492273,0.00792424351326098,0.0773197728742902,0.0718033493854668,0.00698986559332998,0.000161719255372673,0.013117228491339,0,0,5.39064184575577e-05,7.18752246100769e-05,0,0.0391719974124919,0.000359376123050385,0,0.0032703227197585,0.00698986559332998,0.000575001796880615,0,1.79688061525192e-05,0.0143750449220154,0,0.00283907137209804,0,0,0,0,CRC
5.39064184575577e-05,0.0348415151297348,0.00161719255372673,0.0014015668798965,0.000341407316897865,0.129123841012003,0.00203047509523467,0.0776432113850356,0.00303672823977575,0.000790627470710846,3.59376123050385e-05,0,0,0.00332422913821606,0,0.0150039531373536,0.000197656867677711,1.79688061525192e-05,0.0136922302882197,0.000341407316897865,0,0.0886041831380723,0.0045820455688924,0.0492524976640552,0,0.00440235750736721,0.00711564723639761,0.00961331129159779,1.79688061525192e-05,0.000125781643067635,0.000592970603033134,0.0301336879177747,0.0105836268238338,0.00964924890390283,0.031355566736146,0.0626931646661396,0.00718752246100769,0.121361316754115,0.007475023359448,0,1.79688061525192e-05,0,0.00407891899662186,0.0561525192266226,0.00451017034428233,0.00614533170416158,0.0551822036943865,0.00416876302738446,0.00111406598145619,0.00997268741464817,0.051390785596205,1.79688061525192e-05,5.39064184575577e-05,0,0.0170344282325882,0,0.000646877021490692,0.000251563286135269,3.59376123050385e-05,0.000107812836915115,0,CRC
0.0226047581398692,3.59376123050385e-05,0.00109609717530367,0.0133508229713218,0.000161719255372673,0.0181844318263495,0.000449220153812981,0.0277258678933372,0.00192266225831956,0.000287500898440308,0.0114101919068497,0,0,0.00230000718752246,0,0.0286422770071156,0,0.0249227341335442,0.0148781714942859,0,0.000431251347660461,0.00226406957521742,0.00204844390138719,0.0723783511823475,0.000431251347660461,0.00194063106447208,0.00309063465823331,0,0.0214008481276504,0.00731330410407533,0.000251563286135269,0.0276000862502695,0.00927190397469992,0.001868755839862,0.00817580679939625,0.433784949327967,0.0237008553151729,0.0371415223172572,0.00524689139653561,3.59376123050385e-05,0.002803133759793,0.000143750449220154,0.00174297419679436,0.000503126572270538,0.00136562926759146,8.98440307625961e-05,0.0375368360526127,0.0031804786889959,0.000844533889168404,0.000305469704592827,0.0416337238553871,0.00212031912599727,0.00194063106447208,0.00283907137209804,0.00341407316897865,1.79688061525192e-05,0,1.79688061525192e-05,1.79688061525192e-05,0,0,CRC
1.79688061525192e-05,0.00706174081794006,0.000161719255372673,0.000682814633795731,0.000287500898440308,0.0620642564508014,0.00204844390138719,0.0261446129519155,0.00150937971681161,0.0004671889599655,5.39064184575577e-05,1.79688061525192e-05,0,0.00566017393804356,0,0.0106555020484439,0.00070078343994825,0.00314454107669086,0.00871487098397183,0,0.000143750449220154,0.038345432329476,0.000143750449220154,0.121001940631064,0.0192625601955006,0.000161719255372673,0.00490548407963775,0.000215625673830231,3.59376123050385e-05,5.39064184575577e-05,0.000557032990728096,0.0737260116437864,0.0210594408107525,0.00230000718752246,0.0240242938259182,0.00397110615970675,0.0280852440163875,0.0626572270538345,0.000539064184575577,1.79688061525192e-05,0.000125781643067635,5.39064184575577e-05,0.000898440307625961,0.031355566736146,0.000215625673830231,0.00312657227053835,0.03502120319126,0.00539064184575577,0,0.00846330769783656,0.134766046143894,0.000179688061525192,5.39064184575577e-05,0,0.0112664414576296,0,0.000251563286135269,0.00853518292244663,0,7.18752246100769e-05,1.79688061525192e-05,CRC
0,1.79688061525192e-05,0.000107812836915115,0.00123984762452383,0,0.0759002371882412,5.39064184575577e-05,0.0502946884209013,0.0004671889599655,0.00330626033206354,1.79688061525192e-05,0,1.79688061525192e-05,0.00592970603033134,0,0.0141594192481852,7.18752246100769e-05,0.00134766046143894,0.00774455545173579,0,0.000143750449220154,0.00129375404298138,0.00695392798102494,0.128117587867462,0.00323438510745346,0,0.00483360885502767,0.000844533889168404,3.59376123050385e-05,0.00328829152591102,0.00659455185797456,0.0473657730180407,0.00309063465823331,0,0.0435384173075541,0.118773808668152,0.0190828721339754,0.0314454107669086,0.0195500610939409,0.00023359447998275,0.00253360166750521,0.00269532092287788,0.00122187881837131,0.00468985840580752,0.000179688061525192,0.00215625673830231,0.0527564148637965,0.00197656867677711,0.00557032990728096,0.00695392798102494,0.0342844821390067,0.000287500898440308,0.00246172644289513,0.00348594839358873,0.0150219219435061,0,0.00348594839358873,0.00260547689211529,3.59376123050385e-05,0.00485157766118019,0,CRC
0,0.00393516854740171,0.000377344929202904,0.00389923093509667,0.000592970603033134,0.101164378638683,0.00858908934090419,0.194458420182563,0.00761877380866815,3.59376123050385e-05,0,0,0,0.0420829440092,0,0.0141953568604902,0.000718752246100769,1.79688061525192e-05,0.0323438510745346,0,1.79688061525192e-05,0.130579314310357,0.000610939409185654,0.000269532092287788,0.000107812836915115,0,3.59376123050385e-05,0.00900237188241213,0.00023359447998275,1.79688061525192e-05,0,0.0258211744411701,0.00594767483648386,1.79688061525192e-05,0.0777330554157982,0.000215625673830231,7.18752246100769e-05,0.097175303672824,0.00115000359376123,1.79688061525192e-05,0.000413282541507942,1.79688061525192e-05,0,0.0014015668798965,0.00294688420901315,0.000143750449220154,0.066376769927406,0.0027132897290304,0,0.00756486739021059,0.0191547473585855,5.39064184575577e-05,0,0,0.0352907352835478,0,0,0,0,0,0,CRC
0,0.325936174800546,0.000107812836915115,0,0.000628908215338173,0.0286782146194207,0.0199453748292963,0.0971393660605189,0.00170703658448933,0.000161719255372673,0,0,0,0.0142133256666427,0,0.00571408035650111,0,0,0.00736721052253288,0.00122187881837131,0.160713002228132,0.0584704952202976,0.00914612233163229,0.000179688061525192,0,3.59376123050385e-05,3.59376123050385e-05,0.000341407316897865,3.59376123050385e-05,0,0,0.0106375332422914,0.00181484942140444,0,5.39064184575577e-05,0.00023359447998275,0.00314454107669086,0.00546251707036585,0.0618845683892762,1.79688061525192e-05,8.98440307625961e-05,0,1.79688061525192e-05,0.000826565083015884,0.00129375404298138,3.59376123050385e-05,0.0461978006181269,0.000215625673830231,0,0.000610939409185654,0.0041148566089269,3.59376123050385e-05,0,0,0.00120391001221879,0,0,0,0,0,0,CRC
1.79688061525192e-05,0.158826277582117,0.00159922374757421,8.98440307625961e-05,0.0206281894630921,0.065891612161288,0.000359376123050385,0.00461798318119744,0.000161719255372673,5.39064184575577e-05,0,8.98440307625961e-05,0,0.00600158125494142,0,0.0245274203981887,0.000323438510745346,1.79688061525192e-05,0.0107992524976641,7.18752246100769e-05,0.000718752246100769,0.0042047006396895,0.000934377919931,0.00648673902105944,0,0,1.79688061525192e-05,0.000125781643067635,1.79688061525192e-05,0,0.00352188600589377,0.0516064112700352,1.79688061525192e-05,1.79688061525192e-05,7.18752246100769e-05,0.000143750449220154,0.000107812836915115,0.0774814921296629,0.0166930209156904,0,1.79688061525192e-05,0.000916409113778481,0.000161719255372673,5.39064184575577e-05,0.00141953568604902,0.000161719255372673,0.00911018471932725,0.0022461007690649,0,0.0381477754617983,0.105584704952203,1.79688061525192e-05,0,0,0.0105297204053763,0,0,0,0,0,0,CRC
0.00521095378423058,0.024257888305901,0.000718752246100769,5.39064184575577e-05,0.000377344929202904,0.135394954359232,0.0285883705886581,0.116096456551427,0.00150937971681161,0.0013117228491339,5.39064184575577e-05,0.000197656867677711,0,0.00641486379644936,0,0.0708510026593833,0.000251563286135269,0.00591173722417883,0.00375548048587652,0.000377344929202904,8.98440307625961e-05,0.00555236110112844,0.000269532092287788,0.0943901387191835,7.18752246100769e-05,0.000143750449220154,0.000125781643067635,0.000161719255372673,1.79688061525192e-05,3.59376123050385e-05,0.00125781643067635,0.014015668798965,0.00853518292244663,0,5.39064184575577e-05,0.000287500898440308,0.0529540717314742,0.0482103069072091,0.00443829511967225,0,0.0031804786889959,0.000592970603033134,0.00132969165528642,0.00158125494142169,0.00251563286135269,0.0317508804715015,0.0266297707180335,0.00192266225831956,3.59376123050385e-05,0.00799611873787106,0.0134226981959319,0.000682814633795731,0.000161719255372673,0,0.00501329691655286,1.79688061525192e-05,0.000323438510745346,0,0,0,0,CRC
5.39064184575577e-05,0.00479767124272263,0.000754689858405807,0.00454610795658736,0.000521095378423058,0.367623805074391,0.000251563286135269,0.102224538201682,0.00345001078128369,0.000341407316897865,1.79688061525192e-05,0,0,0.00731330410407533,0,0.0100086250269532,5.39064184575577e-05,0.00213828793214979,0.0181125566017394,0,3.59376123050385e-05,0.00156328613526917,0.000107812836915115,0.0484798389994969,0.00460001437504492,8.98440307625961e-05,0.0185258391432473,1.79688061525192e-05,7.18752246100769e-05,0,0.00249766405520017,0.0344821390066844,0.0151656723927262,0,0.0321282254007044,0.00276719614748796,0.0234313232228851,0.0496298425932581,0.00370157406741896,0,0.00758283619636311,0.00070078343994825,0.0107812836915115,0.000197656867677711,0.000179688061525192,0.00776252425788831,0.0452813915043484,0.00179688061525192,0,0.0189750592970603,0.00495939049809531,1.79688061525192e-05,7.18752246100769e-05,0,0.0155789549342342,0,0,3.59376123050385e-05,0,0.00070078343994825,0,CRC
1.79688061525192e-05,1.79688061525192e-05,0.000736721052253288,0,0.000952346726083519,0.0801229066340832,0.0119312872852728,0.00668439588873715,0.00249766405520017,0.000323438510745346,0,0,0,0.0689103715949112,0,0.00127578523682887,0.000107812836915115,1.79688061525192e-05,0.0361532379788687,8.98440307625961e-05,0,0.200909221591317,0.000305469704592827,0.00911018471932725,3.59376123050385e-05,0,1.79688061525192e-05,5.39064184575577e-05,1.79688061525192e-05,1.79688061525192e-05,0.00023359447998275,0.00857112053475167,0.00129375404298138,3.59376123050385e-05,0.00328829152591102,0.000179688061525192,0.000107812836915115,0.148278588370589,0.0141414504420326,0,0.000179688061525192,0,3.59376123050385e-05,0.000251563286135269,3.59376123050385e-05,0.000125781643067635,0.0442212319413498,0.00100625314454108,0,0.000395313735355423,0.0102961259253935,0,0,0,7.18752246100769e-05,0,7.18752246100769e-05,0,0,0,1.79688061525192e-05,CRC
